cell_id	cluster	sample_title	tissue_group
Pat01-A-AACCATGAGGCCGAAT-1	13	Pat01-A	Adjacent normal
Pat01-A-ACCTTTAAGTGCAAGC-1	13	Pat01-A	Adjacent normal
Pat01-A-AGACGTTTCAGCGATT-1	13	Pat01-A	Adjacent normal
Pat01-A-ATAACGCGTCTTGCGG-1	3	Pat01-A	Adjacent normal
Pat01-A-ATCATCTGTAATAGCA-1	13	Pat01-A	Adjacent normal
Pat01-A-ATCCACCTCTCGAGTA-1	13	Pat01-A	Adjacent normal
Pat01-A-ATCGAGTCAATACGCT-1	13	Pat01-A	Adjacent normal
Pat01-A-ATGAGGGAGCCACGTC-1	13	Pat01-A	Adjacent normal
Pat01-A-CACATAGAGGTGATAT-1	13	Pat01-A	Adjacent normal
Pat01-A-CAGAGAGTCGTCACGG-1	13	Pat01-A	Adjacent normal
Pat01-A-CATCCACCAATGCCAT-1	13	Pat01-A	Adjacent normal
Pat01-A-CATTATCAGAGACTAT-1	13	Pat01-A	Adjacent normal
Pat01-A-CCATGTCCAGACGCAA-1	13	Pat01-A	Adjacent normal
Pat01-A-CCCTCCTAGGCCCTCA-1	13	Pat01-A	Adjacent normal
Pat01-A-CCGGTAGTCATACGGT-1	13	Pat01-A	Adjacent normal
Pat01-A-CCTTCCCTCACCTCGT-1	13	Pat01-A	Adjacent normal
Pat01-A-CGGACACTCAACGAAA-1	13	Pat01-A	Adjacent normal
Pat01-A-CGGAGTCTCTGCTGTC-1	13	Pat01-A	Adjacent normal
Pat01-A-CGTAGCGGTGTGGTTT-1	13	Pat01-A	Adjacent normal
Pat01-A-CTCACACGTAGCGCAA-1	13	Pat01-A	Adjacent normal
Pat01-A-GAAATGAGTCTAGAGG-1	13	Pat01-A	Adjacent normal
Pat01-A-GACCTGGTCATGCATG-1	13	Pat01-A	Adjacent normal
Pat01-A-GATCGTAAGGGAGTAA-1	13	Pat01-A	Adjacent normal
Pat01-A-GCATACATCAGCGATT-1	3	Pat01-A	Adjacent normal
Pat01-A-GGGACCTAGACAAAGG-1	13	Pat01-A	Adjacent normal
Pat01-A-TGTCCCAGTAAGTAGT-1	13	Pat01-A	Adjacent normal
Pat01-A-TTCCCAGGTTTAGCTG-1	13	Pat01-A	Adjacent normal
Pat01-A-TTTGCGCTCCTGCAGG-1	13	Pat01-A	Adjacent normal
Pat01-B-AACCATGGTACCATCA-1	13	Pat01-B	Cancer
Pat01-B-AACTCCCAGCCAGAAC-1	13	Pat01-B	Cancer
Pat01-B-AAGACCTCAGGATCGA-1	13	Pat01-B	Cancer
Pat01-B-ACAGCTAAGAGTACCG-1	13	Pat01-B	Cancer
Pat01-B-ACATCAGGTGTGGTTT-1	13	Pat01-B	Cancer
Pat01-B-ACCGTAATCGTCGTTC-1	13	Pat01-B	Cancer
Pat01-B-ACCTTTAGTAAAGGAG-1	13	Pat01-B	Cancer
Pat01-B-ACGGAGATCGCTAGCG-1	13	Pat01-B	Cancer
Pat01-B-ACTTGTTAGACAATAC-1	13	Pat01-B	Cancer
Pat01-B-AGAATAGAGGAGTTGC-1	13	Pat01-B	Cancer
Pat01-B-ATGTGTGGTGTTTGGT-1	13	Pat01-B	Cancer
Pat01-B-ATTTCTGTCAGTTTGG-1	13	Pat01-B	Cancer
Pat01-B-CACAAACGTGAGTGAC-1	13	Pat01-B	Cancer
Pat01-B-CACACAAAGGAGTACC-1	13	Pat01-B	Cancer
Pat01-B-CACATAGGTGTATGGG-1	13	Pat01-B	Cancer
Pat01-B-CACTCCACAGGTTTCA-1	13	Pat01-B	Cancer
Pat01-B-CAGCATATCGTCGTTC-1	13	Pat01-B	Cancer
Pat01-B-CAGCCGAGTTCGGCAC-1	13	Pat01-B	Cancer
Pat01-B-CAGCGACGTCCTAGCG-1	13	Pat01-B	Cancer
Pat01-B-CAGTAACAGCTGCGAA-1	13	Pat01-B	Cancer
Pat01-B-CAGTCCTTCCGCTGTT-1	13	Pat01-B	Cancer
Pat01-B-CATTATCCACCGAATT-1	13	Pat01-B	Cancer
Pat01-B-CCGTACTCAATAAGCA-1	13	Pat01-B	Cancer
Pat01-B-CCTTACGGTACCATCA-1	13	Pat01-B	Cancer
Pat01-B-CGAGCACCACCATGTA-1	13	Pat01-B	Cancer
Pat01-B-CGATTGAGTAACGACG-1	13	Pat01-B	Cancer
Pat01-B-CGCGGTAAGAGCTTCT-1	13	Pat01-B	Cancer
Pat01-B-CGGACTGTCGACAGCC-1	13	Pat01-B	Cancer
Pat01-B-CGGAGCTCACTGAAGG-1	13	Pat01-B	Cancer
Pat01-B-CGTCAGGAGGTCGGAT-1	13	Pat01-B	Cancer
Pat01-B-CTGCGGAAGACAAGCC-1	13	Pat01-B	Cancer
Pat01-B-CTTACCGAGAGTACCG-1	13	Pat01-B	Cancer
Pat01-B-GAATGAAAGTGTCTCA-1	13	Pat01-B	Cancer
Pat01-B-GACGGCTAGCTGAACG-1	13	Pat01-B	Cancer
Pat01-B-GCACATATCTCGCATC-1	13	Pat01-B	Cancer
Pat01-B-GCGAGAACACTTAAGC-1	13	Pat01-B	Cancer
Pat01-B-GTACTTTTCCTGCAGG-1	13	Pat01-B	Cancer
Pat01-B-GTCTCGTCAACTTGAC-1	13	Pat01-B	Cancer
Pat01-B-GTGAAGGTCCGTTGCT-1	13	Pat01-B	Cancer
Pat01-B-GTGCGGTGTGGACGAT-1	13	Pat01-B	Cancer
Pat01-B-GTGGGTCTCGTCTGAA-1	13	Pat01-B	Cancer
Pat01-B-GTTAAGCCATCACGTA-1	13	Pat01-B	Cancer
Pat01-B-GTTACAGAGGCGACAT-1	13	Pat01-B	Cancer
Pat01-B-GTTCTCGTCTTGTTTG-1	13	Pat01-B	Cancer
Pat01-B-TACGGTATCCGCGGTA-1	13	Pat01-B	Cancer
Pat01-B-TACTTACAGCCACCTG-1	13	Pat01-B	Cancer
Pat01-B-TAGACCACAAGTAGTA-1	13	Pat01-B	Cancer
Pat01-B-TATCAGGTCATACGGT-1	13	Pat01-B	Cancer
Pat01-B-TATCTCAGTCCAACTA-1	13	Pat01-B	Cancer
Pat01-B-TCAATCTTCGGCTTGG-1	13	Pat01-B	Cancer
Pat01-B-TCATTTGAGAGAACAG-1	13	Pat01-B	Cancer
Pat01-B-TCATTTGAGCTAAGAT-1	13	Pat01-B	Cancer
Pat01-B-TCGTACCCAGTAAGCG-1	13	Pat01-B	Cancer
Pat01-B-TCGTAGACAAAGGTGC-1	13	Pat01-B	Cancer
Pat01-B-TCTCATATCTAGAGTC-1	13	Pat01-B	Cancer
Pat01-B-TGAGGGAGTAAGTTCC-1	13	Pat01-B	Cancer
Pat01-B-TGCGGGTGTAGTAGTA-1	13	Pat01-B	Cancer
Pat01-B-TTAGGACAGATACACA-1	13	Pat01-B	Cancer
Pat01-B-TTCTCAAAGAACAACT-1	13	Pat01-B	Cancer
Pat01-B-TTGAACGCAAATTGCC-1	13	Pat01-B	Cancer
Pat01-B-TTGTAGGAGCGATATA-1	13	Pat01-B	Cancer
Pat01-B-TTGTAGGAGTCACGCC-1	13	Pat01-B	Cancer
Pat02-A-AAACCTGTCGAACGGA-1	13	Pat02-A	Adjacent normal
Pat02-A-AAAGTAGTCAGGATCT-1	13	Pat02-A	Adjacent normal
Pat02-A-AAATGCCTCCAACCAA-1	13	Pat02-A	Adjacent normal
Pat02-A-AACTCAGCAAGCGTAG-1	13	Pat02-A	Adjacent normal
Pat02-A-AACTCAGCAGATCCAT-1	13	Pat02-A	Adjacent normal
Pat02-A-AACTCAGGTACGAAAT-1	13	Pat02-A	Adjacent normal
Pat02-A-AACTTTCTCTCAACTT-1	13	Pat02-A	Adjacent normal
Pat02-A-AAGGAGCTCAACGGGA-1	13	Pat02-A	Adjacent normal
Pat02-A-ACACCGGGTCTAGCGC-1	13	Pat02-A	Adjacent normal
Pat02-A-ACAGCCGGTGTGGCTC-1	13	Pat02-A	Adjacent normal
Pat02-A-ACAGCTACATGAACCT-1	13	Pat02-A	Adjacent normal
Pat02-A-ACTGTCCAGGCGATAC-1	13	Pat02-A	Adjacent normal
Pat02-A-AGAATAGCAAAGTGCG-1	13	Pat02-A	Adjacent normal
Pat02-A-AGCGTCGAGTGTACTC-1	13	Pat02-A	Adjacent normal
Pat02-A-AGGGAGTGTAACGACG-1	13	Pat02-A	Adjacent normal
Pat02-A-AGTGGGAGTAGCCTCG-1	13	Pat02-A	Adjacent normal
Pat02-A-ATCTGCCTCGATGAGG-1	13	Pat02-A	Adjacent normal
Pat02-A-ATGAGGGCAAGCTGAG-1	3	Pat02-A	Adjacent normal
Pat02-A-ATGCGATCAAGCCGCT-1	13	Pat02-A	Adjacent normal
Pat02-A-ATTACTCAGATGAGAG-1	13	Pat02-A	Adjacent normal
Pat02-A-ATTATCCTCCGATATG-1	13	Pat02-A	Adjacent normal
Pat02-A-CAACCTCGTCCCGACA-1	13	Pat02-A	Adjacent normal
Pat02-A-CAAGAAACACGCCAGT-1	13	Pat02-A	Adjacent normal
Pat02-A-CACACAAAGAGTGAGA-1	13	Pat02-A	Adjacent normal
Pat02-A-CACACCTGTCTAAACC-1	13	Pat02-A	Adjacent normal
Pat02-A-CACAGTAGTCCGTTAA-1	13	Pat02-A	Adjacent normal
Pat02-A-CAGAATCCAAGGGTCA-1	13	Pat02-A	Adjacent normal
Pat02-A-CAGCGACTCAGGATCT-1	13	Pat02-A	Adjacent normal
Pat02-A-CAGCTAAAGTCATGCT-1	13	Pat02-A	Adjacent normal
Pat02-A-CAGCTAATCGGCTACG-1	13	Pat02-A	Adjacent normal
Pat02-A-CAGTAACAGATGCGAC-1	13	Pat02-A	Adjacent normal
Pat02-A-CATCCACCAGAGTGTG-1	13	Pat02-A	Adjacent normal
Pat02-A-CATGACAAGCTTTGGT-1	13	Pat02-A	Adjacent normal
Pat02-A-CCATGTCCACCAGGCT-1	13	Pat02-A	Adjacent normal
Pat02-A-CCATTCGCATGGAATA-1	13	Pat02-A	Adjacent normal
Pat02-A-CCCAATCGTTTGACTG-1	13	Pat02-A	Adjacent normal
Pat02-A-CCCTCCTTCCAAGTAC-1	3	Pat02-A	Adjacent normal
Pat02-A-CCGGTAGCAATCCGAT-1	13	Pat02-A	Adjacent normal
Pat02-A-CCGTTCATCGGCGGTT-1	13	Pat02-A	Adjacent normal
Pat02-A-CCTACACCACCGTTGG-1	13	Pat02-A	Adjacent normal
Pat02-A-CCTCAGTAGCTAACTC-1	13	Pat02-A	Adjacent normal
Pat02-A-CGATGTAAGCTCCTTC-1	13	Pat02-A	Adjacent normal
Pat02-A-CGCGTTTCATTGGTAC-1	13	Pat02-A	Adjacent normal
Pat02-A-CGGAGTCGTATTCTCT-1	13	Pat02-A	Adjacent normal
Pat02-A-CGGCTAGGTCGACTAT-1	3	Pat02-A	Adjacent normal
Pat02-A-CTACACCGTTACGACT-1	13	Pat02-A	Adjacent normal
Pat02-A-CTACACCTCTCCAACC-1	13	Pat02-A	Adjacent normal
Pat02-A-CTAGCCTAGAAGGGTA-1	13	Pat02-A	Adjacent normal
Pat02-A-CTCGAGGTCACTCTTA-1	13	Pat02-A	Adjacent normal
Pat02-A-CTCTAATGTCTAGTGT-1	13	Pat02-A	Adjacent normal
Pat02-A-CTGATCCCACAGTCGC-1	13	Pat02-A	Adjacent normal
Pat02-A-CTTCTCTAGATCGGGT-1	13	Pat02-A	Adjacent normal
Pat02-A-GAACATCTCAGAGCTT-1	3	Pat02-A	Adjacent normal
Pat02-A-GAATAAGAGCATCATC-1	13	Pat02-A	Adjacent normal
Pat02-A-GACTGCGTCAAACCGT-1	13	Pat02-A	Adjacent normal
Pat02-A-GCCTCTAAGACTACAA-1	13	Pat02-A	Adjacent normal
Pat02-A-GCCTCTAAGCTGCAAG-1	13	Pat02-A	Adjacent normal
Pat02-A-GCCTCTAGTCGGATCC-1	13	Pat02-A	Adjacent normal
Pat02-A-GCCTCTAGTTATCACG-1	13	Pat02-A	Adjacent normal
Pat02-A-GCGAGAATCCGCTGTT-1	3	Pat02-A	Adjacent normal
Pat02-A-GCTCTGTGTTCCATGA-1	3	Pat02-A	Adjacent normal
Pat02-A-GGACAAGAGGATGGAA-1	13	Pat02-A	Adjacent normal
Pat02-A-GGACAAGTCCTCAATT-1	13	Pat02-A	Adjacent normal
Pat02-A-GGCAATTTCACGACTA-1	13	Pat02-A	Adjacent normal
Pat02-A-GGGACCTAGTCCATAC-1	13	Pat02-A	Adjacent normal
Pat02-A-GGGATGATCTGGCGAC-1	13	Pat02-A	Adjacent normal
Pat02-A-GTACTCCGTCCGAGTC-1	3	Pat02-A	Adjacent normal
Pat02-A-GTACTTTTCATACGGT-1	13	Pat02-A	Adjacent normal
Pat02-A-GTCTCGTCATTATCTC-1	13	Pat02-A	Adjacent normal
Pat02-A-GTCTTCGAGCCAACAG-1	13	Pat02-A	Adjacent normal
Pat02-A-GTCTTCGGTTGCCTCT-1	13	Pat02-A	Adjacent normal
Pat02-A-TAAGCGTAGGGTCGAT-1	13	Pat02-A	Adjacent normal
Pat02-A-TAAGCGTTCATTTGGG-1	13	Pat02-A	Adjacent normal
Pat02-A-TACAGTGTCTGTACGA-1	3	Pat02-A	Adjacent normal
Pat02-A-TCTGAGAGTAATCACC-1	13	Pat02-A	Adjacent normal
Pat02-A-TGCCCATGTAGCGCAA-1	13	Pat02-A	Adjacent normal
Pat02-A-TGGTTCCGTCTACCTC-1	13	Pat02-A	Adjacent normal
Pat02-A-TTAGGCATCCACGCAG-1	13	Pat02-A	Adjacent normal
Pat02-A-TTCGAAGCAGACACTT-1	13	Pat02-A	Adjacent normal
Pat02-A-TTCTACATCATCGCTC-1	3	Pat02-A	Adjacent normal
Pat02-A-TTGAACGTCACTCTTA-1	13	Pat02-A	Adjacent normal
Pat02-B-AAACCTGCATGCCACG-1	13	Pat02-B	Cancer
Pat02-B-ACGGCCACAGCATACT-1	3	Pat02-B	Cancer
Pat02-B-ACTATCTCAGGTCTCG-1	13	Pat02-B	Cancer
Pat02-B-ACTGTCCGTTCAGACT-1	13	Pat02-B	Cancer
Pat02-B-ACTTTCAGTCTCGTTC-1	13	Pat02-B	Cancer
Pat02-B-AGAATAGAGATCCCGC-1	3	Pat02-B	Cancer
Pat02-B-AGAGCTTTCTAAGCCA-1	13	Pat02-B	Cancer
Pat02-B-AGCTCCTAGAGACGAA-1	13	Pat02-B	Cancer
Pat02-B-AGGTCCGCAGCCTTTC-1	13	Pat02-B	Cancer
Pat02-B-ATCTACTTCCTATTCA-1	13	Pat02-B	Cancer
Pat02-B-ATTCTACCACGCCAGT-1	13	Pat02-B	Cancer
Pat02-B-CAACTAGAGTGGGCTA-1	13	Pat02-B	Cancer
Pat02-B-CAAGATCTCTGCTGTC-1	13	Pat02-B	Cancer
Pat02-B-CACATTTAGACGACGT-1	13	Pat02-B	Cancer
Pat02-B-CAGCATAAGGCTCATT-1	13	Pat02-B	Cancer
Pat02-B-CATATGGGTAGCCTCG-1	13	Pat02-B	Cancer
Pat02-B-CATGCCTCAGTAAGCG-1	13	Pat02-B	Cancer
Pat02-B-CCTAGCTTCAGAGACG-1	13	Pat02-B	Cancer
Pat02-B-CGCTATCGTTGCTCCT-1	13	Pat02-B	Cancer
Pat02-B-CGCTGGAAGTTTCCTT-1	13	Pat02-B	Cancer
Pat02-B-CGCTGGAGTGTTGAGG-1	13	Pat02-B	Cancer
Pat02-B-CGGACACGTTCGCGAC-1	13	Pat02-B	Cancer
Pat02-B-CTCGAGGTCTTTAGGG-1	13	Pat02-B	Cancer
Pat02-B-CTCTACGTCACCTTAT-1	13	Pat02-B	Cancer
Pat02-B-CTGAAGTAGAATTCCC-1	3	Pat02-B	Cancer
Pat02-B-CTGAAGTAGGACATTA-1	3	Pat02-B	Cancer
Pat02-B-CTGATCCTCCGTTGTC-1	13	Pat02-B	Cancer
Pat02-B-CTGCGGAGTGGTTTCA-1	13	Pat02-B	Cancer
Pat02-B-CTGCTGTGTGTTGGGA-1	13	Pat02-B	Cancer
Pat02-B-CTGCTGTTCGTACCGG-1	13	Pat02-B	Cancer
Pat02-B-CTTAGGAAGTCAAGGC-1	13	Pat02-B	Cancer
Pat02-B-GAAACTCTCAATAAGG-1	3	Pat02-B	Cancer
Pat02-B-GAAACTCTCCCAGGTG-1	13	Pat02-B	Cancer
Pat02-B-GAAATGAAGTCAAGCG-1	13	Pat02-B	Cancer
Pat02-B-GAAGCAGCACAAGACG-1	13	Pat02-B	Cancer
Pat02-B-GACAGAGCAAGCCCAC-1	13	Pat02-B	Cancer
Pat02-B-GACTACATCAACGCTA-1	13	Pat02-B	Cancer
Pat02-B-GCAAACTAGACAAAGG-1	13	Pat02-B	Cancer
Pat02-B-GCTGCTTTCTATGTGG-1	13	Pat02-B	Cancer
Pat02-B-GGATGTTGTGATAAGT-1	13	Pat02-B	Cancer
Pat02-B-GGCAATTCATGCGCAC-1	3	Pat02-B	Cancer
Pat02-B-GGGCATCAGGTACTCT-1	3	Pat02-B	Cancer
Pat02-B-GGGTCTGAGTAACCCT-1	13	Pat02-B	Cancer
Pat02-B-GTCGTAAGTTATCGGT-1	13	Pat02-B	Cancer
Pat02-B-TACAGTGTCTCTAAGG-1	13	Pat02-B	Cancer
Pat02-B-TAGTGGTCATTTCACT-1	13	Pat02-B	Cancer
Pat02-B-TCAATCTTCTACTATC-1	13	Pat02-B	Cancer
Pat02-B-TCAGATGTCACCATAG-1	13	Pat02-B	Cancer
Pat02-B-TCGGGACTCCGTTGTC-1	13	Pat02-B	Cancer
Pat02-B-TCTATTGCACCAGGCT-1	13	Pat02-B	Cancer
Pat02-B-TCTTCGGGTGCAGGTA-1	13	Pat02-B	Cancer
Pat02-B-TGATTTCGTGAGGCTA-1	13	Pat02-B	Cancer
Pat02-B-TGCACCTGTGTCGCTG-1	13	Pat02-B	Cancer
Pat02-B-TGCGTGGGTACCGCTG-1	13	Pat02-B	Cancer
Pat02-B-TGTTCCGAGTCTCCTC-1	13	Pat02-B	Cancer
Pat02-B-TTCTCCTCAGCTATTG-1	3	Pat02-B	Cancer
Pat02-B-TTGACTTGTCCTAGCG-1	13	Pat02-B	Cancer
Pat02-B-TTTATGCAGCACACAG-1	13	Pat02-B	Cancer
Pat03-A-ACGGGTCGTAACGACG-1	3	Pat03-A	Adjacent normal
Pat03-A-AGGGATGTCAATACCG-1	3	Pat03-A	Adjacent normal
Pat03-A-CAAGGCCTCTCCAACC-1	3	Pat03-A	Adjacent normal
Pat03-A-CCTACCACATGTAAGA-1	3	Pat03-A	Adjacent normal
Pat03-A-CTCATTAAGGTGTTAA-1	13	Pat03-A	Adjacent normal
Pat03-A-CTCGTACAGTGGCACA-1	13	Pat03-A	Adjacent normal
Pat03-A-CTTACCGTCGCCATAA-1	13	Pat03-A	Adjacent normal
Pat03-A-CTTGGCTCACCACGTG-1	13	Pat03-A	Adjacent normal
Pat03-A-GCACTCTCATCACGAT-1	3	Pat03-A	Adjacent normal
Pat03-A-GCCAAATAGGAGTCTG-1	3	Pat03-A	Adjacent normal
Pat03-A-GGACATTAGGCAATTA-1	3	Pat03-A	Adjacent normal
Pat03-A-GGGTCTGAGGTGATTA-1	3	Pat03-A	Adjacent normal
Pat03-A-GTAGGCCTCCTCGCAT-1	13	Pat03-A	Adjacent normal
Pat03-A-GTCAAGTGTTAAGGGC-1	3	Pat03-A	Adjacent normal
Pat03-A-GTGGGTCGTAGGACAC-1	3	Pat03-A	Adjacent normal
Pat03-A-TAAACCGTCAACCATG-1	3	Pat03-A	Adjacent normal
Pat03-A-TACCTATGTCCATCCT-1	13	Pat03-A	Adjacent normal
Pat03-A-TAGTGGTAGTCATGCT-1	3	Pat03-A	Adjacent normal
Pat03-A-TCAGGTATCAGGTTCA-1	13	Pat03-A	Adjacent normal
Pat03-A-TCATTACCACTCAGGC-1	3	Pat03-A	Adjacent normal
Pat03-B-AAACCTGTCTAACCGA-1	13	Pat03-B	Cancer
Pat03-B-AACTGGTGTCTCGTTC-1	13	Pat03-B	Cancer
Pat03-B-AAGTCTGTCGCTGATA-1	13	Pat03-B	Cancer
Pat03-B-AAGTCTGTCTAACTGG-1	13	Pat03-B	Cancer
Pat03-B-ACACCCTCATCGTCGG-1	13	Pat03-B	Cancer
Pat03-B-ACACTGATCCGCAAGC-1	13	Pat03-B	Cancer
Pat03-B-ACAGCTAAGCAGACTG-1	3	Pat03-B	Cancer
Pat03-B-ACATACGTCTTTAGTC-1	13	Pat03-B	Cancer
Pat03-B-ACATCAGGTTGGGACA-1	13	Pat03-B	Cancer
Pat03-B-ACCAGTATCTCAACTT-1	13	Pat03-B	Cancer
Pat03-B-ACCGTAAGTCCAGTGC-1	13	Pat03-B	Cancer
Pat03-B-ACTGATGAGTGGGCTA-1	13	Pat03-B	Cancer
Pat03-B-AGCATACTCGCCAGCA-1	3	Pat03-B	Cancer
Pat03-B-AGCTCTCCAGCCTTTC-1	13	Pat03-B	Cancer
Pat03-B-AGCTTGACAGACGCTC-1	13	Pat03-B	Cancer
Pat03-B-AGTGAGGGTACACCGC-1	13	Pat03-B	Cancer
Pat03-B-ATCCACCTCTGCTGCT-1	13	Pat03-B	Cancer
Pat03-B-ATCTGCCTCTAACCGA-1	13	Pat03-B	Cancer
Pat03-B-ATTCTACGTAAGTAGT-1	13	Pat03-B	Cancer
Pat03-B-CAACCAAAGCTGAACG-1	13	Pat03-B	Cancer
Pat03-B-CAACTAGCACTGTCGG-1	13	Pat03-B	Cancer
Pat03-B-CAAGATCTCTTGTCAT-1	13	Pat03-B	Cancer
Pat03-B-CAAGTTGGTTAAAGTG-1	13	Pat03-B	Cancer
Pat03-B-CACAGGCAGGGATACC-1	13	Pat03-B	Cancer
Pat03-B-CACAGTAAGCGATATA-1	13	Pat03-B	Cancer
Pat03-B-CACCAGGAGCTGTCTA-1	13	Pat03-B	Cancer
Pat03-B-CAGCATACATTCGACA-1	13	Pat03-B	Cancer
Pat03-B-CATATGGGTCAGTGGA-1	13	Pat03-B	Cancer
Pat03-B-CATCCACTCTCACATT-1	13	Pat03-B	Cancer
Pat03-B-CATGACACACCAGGTC-1	13	Pat03-B	Cancer
Pat03-B-CATGCCTGTCTCTCTG-1	13	Pat03-B	Cancer
Pat03-B-CATGGCGTCCTTTCGG-1	13	Pat03-B	Cancer
Pat03-B-CCAATCCAGTTAACGA-1	3	Pat03-B	Cancer
Pat03-B-CCACCTACAAGACACG-1	13	Pat03-B	Cancer
Pat03-B-CCACCTACACTTCTGC-1	13	Pat03-B	Cancer
Pat03-B-CCAGCGATCGTCACGG-1	13	Pat03-B	Cancer
Pat03-B-CCGTGGAAGCAGACTG-1	13	Pat03-B	Cancer
Pat03-B-CCGTGGACAGCTTCGG-1	13	Pat03-B	Cancer
Pat03-B-CCTATTAGTCTGCAAT-1	13	Pat03-B	Cancer
Pat03-B-CCTTCCCAGTACCGGA-1	13	Pat03-B	Cancer
Pat03-B-CGAGAAGAGTCAAGGC-1	13	Pat03-B	Cancer
Pat03-B-CGGACGTGTTCCATGA-1	13	Pat03-B	Cancer
Pat03-B-CGGAGCTTCGTACCGG-1	13	Pat03-B	Cancer
Pat03-B-CGTAGCGCATGGTCTA-1	13	Pat03-B	Cancer
Pat03-B-CGTCACTGTTACGCGC-1	13	Pat03-B	Cancer
Pat03-B-CGTCTACTCCCAGGTG-1	13	Pat03-B	Cancer
Pat03-B-CTAATGGTCTGCTGTC-1	13	Pat03-B	Cancer
Pat03-B-CTCAGAAAGAGTGAGA-1	13	Pat03-B	Cancer
Pat03-B-CTCAGAACAGGGTTAG-1	13	Pat03-B	Cancer
Pat03-B-CTCATTATCTTGTTTG-1	13	Pat03-B	Cancer
Pat03-B-CTCTGGTCAATGACCT-1	13	Pat03-B	Cancer
Pat03-B-CTTAACTGTATCTGCA-1	13	Pat03-B	Cancer
Pat03-B-CTTAACTGTTGAGTTC-1	13	Pat03-B	Cancer
Pat03-B-GACTAACTCCGCTGTT-1	13	Pat03-B	Cancer
Pat03-B-GACTGCGAGACGCACA-1	13	Pat03-B	Cancer
Pat03-B-GAGGTGAGTAAACCTC-1	13	Pat03-B	Cancer
Pat03-B-GCAATCAAGGCATGTG-1	13	Pat03-B	Cancer
Pat03-B-GCATGCGGTGCGCTTG-1	13	Pat03-B	Cancer
Pat03-B-GCATGCGTCTGATTCT-1	3	Pat03-B	Cancer
Pat03-B-GCCAAATGTACCGTAT-1	13	Pat03-B	Cancer
Pat03-B-GCGAGAAGTCAATGTC-1	13	Pat03-B	Cancer
Pat03-B-GCGCCAACACTTGGAT-1	13	Pat03-B	Cancer
Pat03-B-GCGGGTTGTTCTGGTA-1	13	Pat03-B	Cancer
Pat03-B-GCTCTGTCATCCCACT-1	13	Pat03-B	Cancer
Pat03-B-GGAAAGCCAGGCAGTA-1	13	Pat03-B	Cancer
Pat03-B-GGACGTCTCGTTTGCC-1	13	Pat03-B	Cancer
Pat03-B-GGCCGATCAATGAAAC-1	13	Pat03-B	Cancer
Pat03-B-GGGAATGTCCATTCTA-1	13	Pat03-B	Cancer
Pat03-B-GGGACCTCAGAAGCAC-1	3	Pat03-B	Cancer
Pat03-B-GGTGAAGAGTTTGCGT-1	13	Pat03-B	Cancer
Pat03-B-GTAACTGCACAAGACG-1	13	Pat03-B	Cancer
Pat03-B-GTACTCCGTGCTGTAT-1	13	Pat03-B	Cancer
Pat03-B-GTACTTTCACATCTTT-1	13	Pat03-B	Cancer
Pat03-B-GTACTTTGTCGGCATC-1	13	Pat03-B	Cancer
Pat03-B-GTAGGCCCAGTGAGTG-1	13	Pat03-B	Cancer
Pat03-B-GTAGTCAGTTGAGGTG-1	13	Pat03-B	Cancer
Pat03-B-GTATTCTGTGCGATAG-1	13	Pat03-B	Cancer
Pat03-B-GTCTCGTCAAAGAATC-1	13	Pat03-B	Cancer
Pat03-B-GTGCATATCGATGAGG-1	13	Pat03-B	Cancer
Pat03-B-GTGCTTCAGGTGCTTT-1	13	Pat03-B	Cancer
Pat03-B-GTTAAGCTCCGCAGTG-1	13	Pat03-B	Cancer
Pat03-B-TACTCGCTCAATACCG-1	3	Pat03-B	Cancer
Pat03-B-TATCTCATCGTTGCCT-1	13	Pat03-B	Cancer
Pat03-B-TCACGAAGTTACGGAG-1	13	Pat03-B	Cancer
Pat03-B-TCCACACGTAGGACAC-1	13	Pat03-B	Cancer
Pat03-B-TCGTACCGTGGGTATG-1	13	Pat03-B	Cancer
Pat03-B-TCTATTGAGTACATGA-1	13	Pat03-B	Cancer
Pat03-B-TCTCTAAAGGAGTTGC-1	13	Pat03-B	Cancer
Pat03-B-TCTGGAAAGGCGACAT-1	13	Pat03-B	Cancer
Pat03-B-TGAGCCGGTTCGCGAC-1	13	Pat03-B	Cancer
Pat03-B-TGGCGCATCGGCATCG-1	13	Pat03-B	Cancer
Pat03-B-TGGCTGGTCATAAAGG-1	3	Pat03-B	Cancer
Pat03-B-TGGGAAGGTACCCAAT-1	13	Pat03-B	Cancer
Pat03-B-TGGTTCCTCTAGCACA-1	13	Pat03-B	Cancer
Pat03-B-TGTATTCTCCGAAGAG-1	13	Pat03-B	Cancer
Pat03-B-TTGCGTCGTCTCTTAT-1	13	Pat03-B	Cancer
Pat04-A-ACACCGGAGTCCGGTC-1	13	Pat04-A	Adjacent normal
Pat04-A-CAGCAGCCAGCTATTG-1	3	Pat04-A	Adjacent normal
Pat04-A-CTGATCCAGTTACCCA-1	3	Pat04-A	Adjacent normal
Pat04-A-CTTACCGGTCACTTCC-1	3	Pat04-A	Adjacent normal
Pat04-A-GAGCAGACACTTAAGC-1	13	Pat04-A	Adjacent normal
Pat04-A-GAGCAGAGTCAATACC-1	13	Pat04-A	Adjacent normal
Pat04-A-TCTGGAAGTTCAGCGC-1	3	Pat04-A	Adjacent normal
Pat04-A-TTGAACGTCCGTCATC-1	3	Pat04-A	Adjacent normal
Pat04-B-AAGCCGCGTTTACTCT-1	3	Pat04-B	Cancer
Pat04-B-ACCGTAATCACAAACC-1	13	Pat04-B	Cancer
Pat04-B-CCTACACCATGGTAGG-1	13	Pat04-B	Cancer
Pat04-B-CTCGTACTCTTCTGGC-1	13	Pat04-B	Cancer
Pat04-B-GACGCGTGTACCCAAT-1	3	Pat04-B	Cancer
Pat04-B-GGATGTTTCGTAGGTT-1	13	Pat04-B	Cancer
Pat04-B-GTGCGGTAGTAGGTGC-1	3	Pat04-B	Cancer
Pat04-B-TAGCCGGAGCGTCAAG-1	3	Pat04-B	Cancer
Pat04-B-TTTGCGCAGGTAGCCA-1	13	Pat04-B	Cancer
Pat05-A-AGCTTGACAAGTACCT-1	3	Pat05-A	Adjacent normal
Pat05-A-CCAATCCTCCCACTTG-1	3	Pat05-A	Adjacent normal
Pat05-A-CCCATACTCCTATGTT-1	3	Pat05-A	Adjacent normal
Pat05-A-CTCGGGAGTCATTAGC-1	3	Pat05-A	Adjacent normal
Pat05-A-GACCTGGGTAATCACC-1	3	Pat05-A	Adjacent normal
Pat05-A-GACGCGTCATGTCGAT-1	3	Pat05-A	Adjacent normal
Pat05-A-GGCAATTCATGGTCTA-1	3	Pat05-A	Adjacent normal
Pat05-A-GTGCTTCCAGACGCCT-1	3	Pat05-A	Adjacent normal
Pat05-A-TCAATCTTCAAACGGG-1	3	Pat05-A	Adjacent normal
Pat05-A-TGCACCTCACTGTGTA-1	3	Pat05-A	Adjacent normal
Pat05-A-TGCTACCAGCTAGTTC-1	3	Pat05-A	Adjacent normal
Pat05-A-TGGCGCACAATTCCTT-1	3	Pat05-A	Adjacent normal
Pat05-A-TGGCTGGCACGACTCG-1	3	Pat05-A	Adjacent normal
Pat05-B-AACACGTCATCCCACT-1	3	Pat05-B	Cancer
Pat05-B-AAGGTTCGTAATCACC-1	3	Pat05-B	Cancer
Pat05-B-ATAAGAGAGCAGCCTC-1	3	Pat05-B	Cancer
Pat05-B-CAACCTCTCGAATCCA-1	3	Pat05-B	Cancer
Pat05-B-CAGCATATCGCTAGCG-1	3	Pat05-B	Cancer
Pat05-B-CATCAAGCAGACGCCT-1	3	Pat05-B	Cancer
Pat05-B-CATCGAATCAGCTCGG-1	3	Pat05-B	Cancer
Pat05-B-CATCGGGCAAGTAGTA-1	3	Pat05-B	Cancer
Pat05-B-CCTAGCTAGTAACCCT-1	3	Pat05-B	Cancer
Pat05-B-CCTAGCTTCAGGTAAA-1	13	Pat05-B	Cancer
Pat05-B-GACACGCTCAAACAAG-1	3	Pat05-B	Cancer
Pat05-B-GCTCCTATCCTCATTA-1	3	Pat05-B	Cancer
Pat05-B-TACGGATCAGGTTTCA-1	3	Pat05-B	Cancer
Pat05-B-TACTCGCTCTTGCCGT-1	13	Pat05-B	Cancer
Pat05-B-TCACGAAAGAGCTGGT-1	3	Pat05-B	Cancer
Pat05-B-TCTCATAAGAGTAAGG-1	3	Pat05-B	Cancer
Pat05-B-TGAAAGACAGGCAGTA-1	3	Pat05-B	Cancer
Pat05-B-TTAGGACCACCGGAAA-1	3	Pat05-B	Cancer
Pat05-B-TTAGGACGTCAGAAGC-1	13	Pat05-B	Cancer
Pat06-A-ATCCGAATCGACCAGC-1	3	Pat06-A	Adjacent normal
Pat06-A-CATGCCTTCTTGAGAC-1	3	Pat06-A	Adjacent normal
Pat06-A-CCTACCAAGCGTTGCC-1	13	Pat06-A	Adjacent normal
Pat06-A-CGCGGTATCGGAATCT-1	3	Pat06-A	Adjacent normal
Pat06-A-GATGAAATCGCTTAGA-1	13	Pat06-A	Adjacent normal
Pat06-B-ACTATCTCACAGGAGT-1	3	Pat06-B	Cancer
Pat06-B-AGCGTATAGTGGAGTC-1	3	Pat06-B	Cancer
Pat06-B-ATCCACCGTCATCGGC-1	13	Pat06-B	Cancer
Pat06-B-CACATTTAGGCAATTA-1	3	Pat06-B	Cancer
Pat06-B-CGCTGGATCAAGATCC-1	3	Pat06-B	Cancer
Pat06-B-CGGCTAGAGGCGATAC-1	3	Pat06-B	Cancer
Pat06-B-CTCACACCACTGAAGG-1	3	Pat06-B	Cancer
Pat06-B-GCATACATCCGCATCT-1	3	Pat06-B	Cancer
Pat06-B-GCATGATTCCTGTACC-1	3	Pat06-B	Cancer
Pat06-B-GCCTCTAAGGGTGTGT-1	3	Pat06-B	Cancer
Pat06-B-TACTCGCTCCTTCAAT-1	3	Pat06-B	Cancer
Pat06-B-TGAAAGAGTCAAACTC-1	3	Pat06-B	Cancer
Pat06-B-TTAACTCAGTGGCACA-1	3	Pat06-B	Cancer
Pat06-B-TTTCCTCTCTAGAGTC-1	3	Pat06-B	Cancer
Pat07-A-AAACGGGAGCAGACTG-1	3	Pat07-A	Adjacent normal
Pat07-A-ACGCCGATCACTTATC-1	3	Pat07-A	Adjacent normal
Pat07-A-ACTGAGTAGCCCAATT-1	3	Pat07-A	Adjacent normal
Pat07-B-AACACGTCAGGGCATA-1	3	Pat07-B	Cancer
Pat07-B-AAGGAGCTCAACGAAA-1	3	Pat07-B	Cancer
Pat07-B-AATCGGTAGAGAGCTC-1	3	Pat07-B	Cancer
Pat07-B-AGGTCATCATTCTTAC-1	3	Pat07-B	Cancer
Pat07-B-AGTGTCATCTATCCTA-1	3	Pat07-B	Cancer
Pat07-B-CCCAATCGTTCTGGTA-1	3	Pat07-B	Cancer
Pat07-B-CCGGGATCATCCGCGA-1	13	Pat07-B	Cancer
Pat07-B-CGAGCCAAGCTAGCCC-1	3	Pat07-B	Cancer
Pat07-B-GATTCAGAGGACAGCT-1	3	Pat07-B	Cancer
Pat07-B-GGCCGATTCTATCGCC-1	3	Pat07-B	Cancer
Pat07-B-GGGTTGCAGCCCAATT-1	3	Pat07-B	Cancer
Pat07-B-GTACGTAGTGCGGTAA-1	3	Pat07-B	Cancer
Pat07-B-GTTACAGAGCTTTGGT-1	3	Pat07-B	Cancer
Pat07-B-TCAGATGCACAGGCCT-1	3	Pat07-B	Cancer
Pat07-B-TGAGAGGGTTTACTCT-1	3	Pat07-B	Cancer
Pat08-A-AAACGGGTCACTATTC-1	3	Pat08-A	Adjacent normal
Pat08-A-AAATGCCCAAATACAG-1	13	Pat08-A	Adjacent normal
Pat08-A-ACATCAGCATATACCG-1	3	Pat08-A	Adjacent normal
Pat08-A-ACATGGTCAACTGCGC-1	3	Pat08-A	Adjacent normal
Pat08-A-ACGAGGATCTGCAGTA-1	3	Pat08-A	Adjacent normal
Pat08-A-ACGATGTCATATACGC-1	3	Pat08-A	Adjacent normal
Pat08-A-ACGGAGATCAACACCA-1	3	Pat08-A	Adjacent normal
Pat08-A-AGCTTGAAGTGCCATT-1	3	Pat08-A	Adjacent normal
Pat08-A-AGGGATGCAGACACTT-1	3	Pat08-A	Adjacent normal
Pat08-A-AGTTGGTAGGAGCGAG-1	3	Pat08-A	Adjacent normal
Pat08-A-ATAGACCAGCTAGTGG-1	3	Pat08-A	Adjacent normal
Pat08-A-ATCCGAAAGATCACGG-1	3	Pat08-A	Adjacent normal
Pat08-A-ATGAGGGCATAACCTG-1	3	Pat08-A	Adjacent normal
Pat08-A-CACAAACGTACCGGCT-1	3	Pat08-A	Adjacent normal
Pat08-A-CACACAACATGCTGGC-1	3	Pat08-A	Adjacent normal
Pat08-A-CACTCCAAGGCACATG-1	3	Pat08-A	Adjacent normal
Pat08-A-CATATGGCACTTCTGC-1	3	Pat08-A	Adjacent normal
Pat08-A-CATCAGAGTTCGTCTC-1	3	Pat08-A	Adjacent normal
Pat08-A-CCACTACAGAAGATTC-1	3	Pat08-A	Adjacent normal
Pat08-A-CCAGCGAAGCGACGTA-1	3	Pat08-A	Adjacent normal
Pat08-A-CCCTCCTTCCATGAAC-1	3	Pat08-A	Adjacent normal
Pat08-A-CCGGGATTCGGGAGTA-1	3	Pat08-A	Adjacent normal
Pat08-A-CCGGTAGCACTAAGTC-1	3	Pat08-A	Adjacent normal
Pat08-A-CCGGTAGTCTTGTTTG-1	3	Pat08-A	Adjacent normal
Pat08-A-CCTAGCTAGCCCGAAA-1	3	Pat08-A	Adjacent normal
Pat08-A-CCTCAGTCATCCTTGC-1	3	Pat08-A	Adjacent normal
Pat08-A-CCTCTGACATTGGCGC-1	3	Pat08-A	Adjacent normal
Pat08-A-CGCGTTTCAAATACAG-1	3	Pat08-A	Adjacent normal
Pat08-A-CGGCTAGGTGAAAGAG-1	3	Pat08-A	Adjacent normal
Pat08-A-CGGGTCATCTCTAGGA-1	3	Pat08-A	Adjacent normal
Pat08-A-CGTCCATAGCTGCGAA-1	3	Pat08-A	Adjacent normal
Pat08-A-CGTTCTGGTGTGCCTG-1	3	Pat08-A	Adjacent normal
Pat08-A-CTACGTCTCCGAGCCA-1	3	Pat08-A	Adjacent normal
Pat08-A-CTCAGAATCACTCTTA-1	3	Pat08-A	Adjacent normal
Pat08-A-CTTGGCTCACACCGCA-1	3	Pat08-A	Adjacent normal
Pat08-A-GACAGAGAGACCTTTG-1	3	Pat08-A	Adjacent normal
Pat08-A-GACCAATGTTCAGGCC-1	3	Pat08-A	Adjacent normal
Pat08-A-GCTTCCAAGTACATGA-1	3	Pat08-A	Adjacent normal
Pat08-A-GGACATTAGTCAAGGC-1	3	Pat08-A	Adjacent normal
Pat08-A-GTACGTAGTAAACGCG-1	3	Pat08-A	Adjacent normal
Pat08-A-GTAGTCACAAACCCAT-1	3	Pat08-A	Adjacent normal
Pat08-A-GTGAAGGAGCCCAATT-1	3	Pat08-A	Adjacent normal
Pat08-A-GTTCATTTCGGCTTGG-1	3	Pat08-A	Adjacent normal
Pat08-A-GTTTCTACAGTTAACC-1	3	Pat08-A	Adjacent normal
Pat08-A-TACGGGCTCGCCTGTT-1	13	Pat08-A	Adjacent normal
Pat08-A-TAGAGCTCAATGGATA-1	3	Pat08-A	Adjacent normal
Pat08-A-TCAACGAAGGGCTTGA-1	3	Pat08-A	Adjacent normal
Pat08-A-TCTCATACAAGCCATT-1	3	Pat08-A	Adjacent normal
Pat08-A-TGACAACGTTTAGCTG-1	3	Pat08-A	Adjacent normal
Pat08-A-TGACGGCAGGCTAGGT-1	3	Pat08-A	Adjacent normal
Pat08-A-TGATTTCAGATCCCGC-1	3	Pat08-A	Adjacent normal
Pat08-A-TGCCAAAGTCACTTCC-1	3	Pat08-A	Adjacent normal
Pat08-A-TGCTACCGTCGGCACT-1	3	Pat08-A	Adjacent normal
Pat08-A-TGGCGCAGTTTGACAC-1	3	Pat08-A	Adjacent normal
Pat08-A-TTCCCAGCATGTTGAC-1	3	Pat08-A	Adjacent normal
Pat08-A-TTCGAAGTCCACGAAT-1	3	Pat08-A	Adjacent normal
Pat08-A-TTCTCAAAGGATCGCA-1	3	Pat08-A	Adjacent normal
Pat08-A-TTGAACGGTTACGGAG-1	3	Pat08-A	Adjacent normal
Pat08-A-TTGACTTTCACGCATA-1	3	Pat08-A	Adjacent normal
Pat08-A-TTGGCAACATACGCCG-1	3	Pat08-A	Adjacent normal
Pat08-B-AAACGGGAGCCATCGC-1	3	Pat08-B	Cancer
Pat08-B-AAAGATGAGGAACTGC-1	3	Pat08-B	Cancer
Pat08-B-AAAGCAACACTAAGTC-1	13	Pat08-B	Cancer
Pat08-B-AAAGTAGGTGACTCAT-1	3	Pat08-B	Cancer
Pat08-B-AAATGCCTCCGGGTGT-1	3	Pat08-B	Cancer
Pat08-B-AACACGTGTCGACTGC-1	3	Pat08-B	Cancer
Pat08-B-AACGTTGGTGTCAATC-1	3	Pat08-B	Cancer
Pat08-B-AACTTTCAGAATGTGT-1	3	Pat08-B	Cancer
Pat08-B-AAGGCAGTCGGAAATA-1	3	Pat08-B	Cancer
Pat08-B-ACACCAATCACCAGGC-1	3	Pat08-B	Cancer
Pat08-B-ACACCAATCTAACTTC-1	3	Pat08-B	Cancer
Pat08-B-ACATCAGGTCTCATCC-1	3	Pat08-B	Cancer
Pat08-B-ACATGGTAGATACACA-1	3	Pat08-B	Cancer
Pat08-B-ACCAGTAGTTCAGGCC-1	3	Pat08-B	Cancer
Pat08-B-ACCTTTACATAGAAAC-1	3	Pat08-B	Cancer
Pat08-B-ACGCAGCGTGAGCGAT-1	3	Pat08-B	Cancer
Pat08-B-ACGCCGACAGTAAGAT-1	3	Pat08-B	Cancer
Pat08-B-ACGCCGATCACCACCT-1	3	Pat08-B	Cancer
Pat08-B-ACGGAGAAGACTGTAA-1	3	Pat08-B	Cancer
Pat08-B-ACGGAGACACTGAAGG-1	3	Pat08-B	Cancer
Pat08-B-ACTATCTAGACCGGAT-1	3	Pat08-B	Cancer
Pat08-B-ACTGCTCAGAGTACAT-1	3	Pat08-B	Cancer
Pat08-B-ACTGTCCAGACTAAGT-1	3	Pat08-B	Cancer
Pat08-B-ACTGTCCCAACTTGAC-1	3	Pat08-B	Cancer
Pat08-B-AGACGTTGTCTACCTC-1	3	Pat08-B	Cancer
Pat08-B-AGGCCACGTAAAGGAG-1	3	Pat08-B	Cancer
Pat08-B-AGGGATGCAGCTCGAC-1	3	Pat08-B	Cancer
Pat08-B-AGGTCCGAGCGCTCCA-1	3	Pat08-B	Cancer
Pat08-B-AGTGAGGTCTGATTCT-1	3	Pat08-B	Cancer
Pat08-B-ATAAGAGCAGGGTATG-1	3	Pat08-B	Cancer
Pat08-B-ATCACGACATTGGGCC-1	3	Pat08-B	Cancer
Pat08-B-ATCCACCTCAGGCGAA-1	3	Pat08-B	Cancer
Pat08-B-ATTGGACCATTGGGCC-1	3	Pat08-B	Cancer
Pat08-B-CAACTAGAGAGATGAG-1	3	Pat08-B	Cancer
Pat08-B-CAACTAGCAGCGTTCG-1	3	Pat08-B	Cancer
Pat08-B-CAAGAAATCCCTAATT-1	3	Pat08-B	Cancer
Pat08-B-CAAGTTGAGCAGCCTC-1	3	Pat08-B	Cancer
Pat08-B-CAAGTTGAGTGAATTG-1	3	Pat08-B	Cancer
Pat08-B-CACACCTAGTGTTTGC-1	3	Pat08-B	Cancer
Pat08-B-CACCAGGGTAGTGAAT-1	3	Pat08-B	Cancer
Pat08-B-CAGCATACAGTCGATT-1	3	Pat08-B	Cancer
Pat08-B-CAGCATATCCTTCAAT-1	3	Pat08-B	Cancer
Pat08-B-CAGTCCTGTCCGTGAC-1	3	Pat08-B	Cancer
Pat08-B-CATATGGGTATAAACG-1	3	Pat08-B	Cancer
Pat08-B-CATATGGTCCTTGACC-1	3	Pat08-B	Cancer
Pat08-B-CATCAGACAGACGTAG-1	3	Pat08-B	Cancer
Pat08-B-CATCAGACATCTACGA-1	3	Pat08-B	Cancer
Pat08-B-CATCCACCAGTCAGAG-1	3	Pat08-B	Cancer
Pat08-B-CATGCCTTCCTACAGA-1	3	Pat08-B	Cancer
Pat08-B-CATGGCGAGATAGCAT-1	3	Pat08-B	Cancer
Pat08-B-CATTCGCTCTTGACGA-1	3	Pat08-B	Cancer
Pat08-B-CCACCTATCAAGATCC-1	3	Pat08-B	Cancer
Pat08-B-CCACGGACATGTTGAC-1	3	Pat08-B	Cancer
Pat08-B-CCACTACTCGTTACAG-1	3	Pat08-B	Cancer
Pat08-B-CCCATACAGAAGGTTT-1	3	Pat08-B	Cancer
Pat08-B-CCCTCCTAGGCAAAGA-1	13	Pat08-B	Cancer
Pat08-B-CCTCTGACATGCCTAA-1	3	Pat08-B	Cancer
Pat08-B-CGAACATTCTATGTGG-1	3	Pat08-B	Cancer
Pat08-B-CGAGCACTCCTCAACC-1	3	Pat08-B	Cancer
Pat08-B-CGATCGGAGTGTACTC-1	3	Pat08-B	Cancer
Pat08-B-CGATCGGCAGCTGTAT-1	3	Pat08-B	Cancer
Pat08-B-CGATTGAAGATACACA-1	3	Pat08-B	Cancer
Pat08-B-CGCGGTAAGACAATAC-1	3	Pat08-B	Cancer
Pat08-B-CGCTGGAAGAGAGCTC-1	3	Pat08-B	Cancer
Pat08-B-CGCTTCAAGCGGCTTC-1	3	Pat08-B	Cancer
Pat08-B-CGGAGTCAGCAACGGT-1	3	Pat08-B	Cancer
Pat08-B-CGGCTAGGTATAGGGC-1	3	Pat08-B	Cancer
Pat08-B-CGTAGGCAGTTCGATC-1	3	Pat08-B	Cancer
Pat08-B-CGTCAGGGTTTGACAC-1	3	Pat08-B	Cancer
Pat08-B-CTAGCCTTCACCCGAG-1	3	Pat08-B	Cancer
Pat08-B-CTAGTGAGTTATCCGA-1	3	Pat08-B	Cancer
Pat08-B-CTCGGAGCAACCGCCA-1	3	Pat08-B	Cancer
Pat08-B-CTCGGAGTCCCAACGG-1	3	Pat08-B	Cancer
Pat08-B-CTGGTCTTCCGTACAA-1	3	Pat08-B	Cancer
Pat08-B-CTGTTTACAGACACTT-1	3	Pat08-B	Cancer
Pat08-B-CTTAGGACAGTTAACC-1	3	Pat08-B	Cancer
Pat08-B-GAAACTCGTACATCCA-1	3	Pat08-B	Cancer
Pat08-B-GAACATCGTGTGACGA-1	3	Pat08-B	Cancer
Pat08-B-GAACATCTCGGAGGTA-1	3	Pat08-B	Cancer
Pat08-B-GACACGCAGGCGTACA-1	3	Pat08-B	Cancer
Pat08-B-GACACGCGTTGTCTTT-1	3	Pat08-B	Cancer
Pat08-B-GACAGAGGTGTGACGA-1	3	Pat08-B	Cancer
Pat08-B-GACGGCTAGTTTCCTT-1	3	Pat08-B	Cancer
Pat08-B-GACGGCTGTGACGGTA-1	3	Pat08-B	Cancer
Pat08-B-GAGGTGACATACGCCG-1	3	Pat08-B	Cancer
Pat08-B-GATCGATTCCATGAGT-1	3	Pat08-B	Cancer
Pat08-B-GCAAACTGTCCGAAGA-1	3	Pat08-B	Cancer
Pat08-B-GCACATAGTGCGCTTG-1	3	Pat08-B	Cancer
Pat08-B-GCACTCTAGGCTCAGA-1	3	Pat08-B	Cancer
Pat08-B-GCACTCTTCCAAGCCG-1	3	Pat08-B	Cancer
Pat08-B-GCACTCTTCTTGTCAT-1	3	Pat08-B	Cancer
Pat08-B-GCAGCCACAGCCTTGG-1	3	Pat08-B	Cancer
Pat08-B-GCATACACACCAACCG-1	3	Pat08-B	Cancer
Pat08-B-GCATGATAGCTGATAA-1	3	Pat08-B	Cancer
Pat08-B-GCATGATAGTACGACG-1	3	Pat08-B	Cancer
Pat08-B-GCCTCTAAGATACACA-1	3	Pat08-B	Cancer
Pat08-B-GCCTCTATCTACTCAT-1	3	Pat08-B	Cancer
Pat08-B-GCGCAACTCGACAGCC-1	3	Pat08-B	Cancer
Pat08-B-GCTCTGTCAAATCCGT-1	3	Pat08-B	Cancer
Pat08-B-GCTGCTTAGCACACAG-1	3	Pat08-B	Cancer
Pat08-B-GGCGACTGTAAGTGTA-1	3	Pat08-B	Cancer
Pat08-B-GGGACCTTCACATACG-1	3	Pat08-B	Cancer
Pat08-B-GGGAGATGTAGCCTCG-1	3	Pat08-B	Cancer
Pat08-B-GGGATGAGTAAGAGGA-1	3	Pat08-B	Cancer
Pat08-B-GGGATGATCCTATGTT-1	3	Pat08-B	Cancer
Pat08-B-GGGTCTGGTAGTGAAT-1	3	Pat08-B	Cancer
Pat08-B-GGTATTGTCTGTCCGT-1	3	Pat08-B	Cancer
Pat08-B-GGTGTTACAAATCCGT-1	3	Pat08-B	Cancer
Pat08-B-GGTGTTATCAACCATG-1	3	Pat08-B	Cancer
Pat08-B-GTATTCTGTGTAATGA-1	3	Pat08-B	Cancer
Pat08-B-GTCCTCAAGGACTGGT-1	3	Pat08-B	Cancer
Pat08-B-GTGCATAGTGTTCGAT-1	3	Pat08-B	Cancer
Pat08-B-GTGCGGTGTTACTGAC-1	3	Pat08-B	Cancer
Pat08-B-GTTTCTATCCTAGAAC-1	3	Pat08-B	Cancer
Pat08-B-TAAGCGTAGGAATTAC-1	3	Pat08-B	Cancer
Pat08-B-TACAGTGTCTCCCTGA-1	3	Pat08-B	Cancer
Pat08-B-TACCTATTCCACGTGG-1	3	Pat08-B	Cancer
Pat08-B-TAGCCGGTCACTTATC-1	3	Pat08-B	Cancer
Pat08-B-TAGTGGTCAAGAAGAG-1	3	Pat08-B	Cancer
Pat08-B-TAGTTGGAGGCCATAG-1	3	Pat08-B	Cancer
Pat08-B-TATGCCCCACACATGT-1	3	Pat08-B	Cancer
Pat08-B-TCACAAGGTTCAGTAC-1	3	Pat08-B	Cancer
Pat08-B-TCAGCTCAGATATGCA-1	3	Pat08-B	Cancer
Pat08-B-TCCACACTCGCCTGAG-1	3	Pat08-B	Cancer
Pat08-B-TCGAGGCAGATCTGAA-1	3	Pat08-B	Cancer
Pat08-B-TCGCGAGCAGCTTAAC-1	3	Pat08-B	Cancer
Pat08-B-TCGCGAGGTGCACTTA-1	3	Pat08-B	Cancer
Pat08-B-TCGGGACCAATCCGAT-1	3	Pat08-B	Cancer
Pat08-B-TCGTACCCAAACTGCT-1	3	Pat08-B	Cancer
Pat08-B-TCTCATAAGCCGATTT-1	3	Pat08-B	Cancer
Pat08-B-TCTCATAAGCGTAATA-1	3	Pat08-B	Cancer
Pat08-B-TCTCATAGTTCAGACT-1	3	Pat08-B	Cancer
Pat08-B-TCTGAGATCTTCGGTC-1	3	Pat08-B	Cancer
Pat08-B-TCTTCGGGTCGCTTTC-1	3	Pat08-B	Cancer
Pat08-B-TGACAACCACCTTGTC-1	3	Pat08-B	Cancer
Pat08-B-TGAGCATGTTCTGTTT-1	3	Pat08-B	Cancer
Pat08-B-TGAGGGACACCAGGTC-1	3	Pat08-B	Cancer
Pat08-B-TGATTTCAGTGCTGCC-1	3	Pat08-B	Cancer
Pat08-B-TGCCCTAAGAATGTTG-1	3	Pat08-B	Cancer
Pat08-B-TGCCCTAGTCTCTCGT-1	3	Pat08-B	Cancer
Pat08-B-TGCGGGTAGTCGATAA-1	3	Pat08-B	Cancer
Pat08-B-TTAACTCAGATCTGAA-1	3	Pat08-B	Cancer
Pat08-B-TTAGGACTCTAACTGG-1	3	Pat08-B	Cancer
Pat08-B-TTAGGCACAGCCTTGG-1	3	Pat08-B	Cancer
Pat08-B-TTAGTTCTCGTAGGTT-1	3	Pat08-B	Cancer
Pat08-B-TTCTACATCCAAGCCG-1	3	Pat08-B	Cancer
Pat08-B-TTTGTCAAGCGTTTAC-1	3	Pat08-B	Cancer
Pat09-A-AAACCTGGTACCGTAT-1	3	Pat09-A	Adjacent normal
Pat09-A-ACTGTCCGTATCTGCA-1	3	Pat09-A	Adjacent normal
Pat09-A-CGTCTACCACCGCTAG-1	13	Pat09-A	Adjacent normal
Pat09-A-GTATTCTAGTGGGATC-1	13	Pat09-A	Adjacent normal
Pat09-A-TCAGGTAAGGCACATG-1	3	Pat09-A	Adjacent normal
Pat09-B-CAGCTGGTCGCGATCG-1	13	Pat09-B	Cancer
Pat09-B-CCGTGGAGTATGAATG-1	3	Pat09-B	Cancer
Pat09-B-CTCCTAGGTTTGACTG-1	3	Pat09-B	Cancer
Pat09-B-GTTCATTAGCGCCTTG-1	3	Pat09-B	Cancer
Pat09-B-TCAATCTTCCTATGTT-1	3	Pat09-B	Cancer
Pat09-B-TGGACGCGTTGTGGCC-1	3	Pat09-B	Cancer
Pat10-A-ACATGGTCATGCCACG-1	3	Pat10-A	Adjacent normal
Pat10-A-ACCCACTCAGCGAACA-1	3	Pat10-A	Adjacent normal
Pat10-A-ACGATGTGTAAACCTC-1	3	Pat10-A	Adjacent normal
Pat10-A-ACGCCAGGTTCAGTAC-1	3	Pat10-A	Adjacent normal
Pat10-A-ACTGAGTAGCTGTCTA-1	3	Pat10-A	Adjacent normal
Pat10-A-AGACGTTGTACCTACA-1	3	Pat10-A	Adjacent normal
Pat10-A-AGATTGCAGACAGAGA-1	3	Pat10-A	Adjacent normal
Pat10-A-AGCAGCCGTCCGACGT-1	3	Pat10-A	Adjacent normal
Pat10-A-AGCGGTCTCCTACAGA-1	3	Pat10-A	Adjacent normal
Pat10-A-AGCTCCTCATAGTAAG-1	3	Pat10-A	Adjacent normal
Pat10-A-AGCTCTCTCTTGAGGT-1	3	Pat10-A	Adjacent normal
Pat10-A-AGGGATGTCCGTTGTC-1	3	Pat10-A	Adjacent normal
Pat10-A-ATAACGCAGGGATGGG-1	3	Pat10-A	Adjacent normal
Pat10-A-ATCCACCAGTGGAGTC-1	3	Pat10-A	Adjacent normal
Pat10-A-ATGTGTGGTGCGCTTG-1	3	Pat10-A	Adjacent normal
Pat10-A-ATTATCCAGAATCTCC-1	3	Pat10-A	Adjacent normal
Pat10-A-CAACCTCGTAAGCACG-1	3	Pat10-A	Adjacent normal
Pat10-A-CACACCTCATGGTCTA-1	3	Pat10-A	Adjacent normal
Pat10-A-CACAGTACAGATGGGT-1	3	Pat10-A	Adjacent normal
Pat10-A-CAGATCAGTAGCGCAA-1	3	Pat10-A	Adjacent normal
Pat10-A-CAGTCCTAGGAGTTGC-1	3	Pat10-A	Adjacent normal
Pat10-A-CATCAAGAGCCACCTG-1	3	Pat10-A	Adjacent normal
Pat10-A-CATCAGAGTTAGTGGG-1	3	Pat10-A	Adjacent normal
Pat10-A-CATCGGGTCCCAGGTG-1	3	Pat10-A	Adjacent normal
Pat10-A-CATGCCTTCAACACTG-1	13	Pat10-A	Adjacent normal
Pat10-A-CATTCGCGTGTTAAGA-1	3	Pat10-A	Adjacent normal
Pat10-A-CCAATCCCAGCTGCAC-1	3	Pat10-A	Adjacent normal
Pat10-A-CCAGCGAAGTGCCAGA-1	3	Pat10-A	Adjacent normal
Pat10-A-CCAGCGAGTATAGTAG-1	3	Pat10-A	Adjacent normal
Pat10-A-CCCTCCTAGTACGCGA-1	3	Pat10-A	Adjacent normal
Pat10-A-CCGGGATTCTGCCAGG-1	3	Pat10-A	Adjacent normal
Pat10-A-CCGGTAGTCGGAGGTA-1	3	Pat10-A	Adjacent normal
Pat10-A-CCTAAAGAGGCCCTCA-1	3	Pat10-A	Adjacent normal
Pat10-A-CCTACACCAGATGGCA-1	3	Pat10-A	Adjacent normal
Pat10-A-CCTACCAAGTCAAGCG-1	3	Pat10-A	Adjacent normal
Pat10-A-CCTCAGTGTAGTACCT-1	3	Pat10-A	Adjacent normal
Pat10-A-CCTCTGACAGGGTTAG-1	3	Pat10-A	Adjacent normal
Pat10-A-CGACTTCCAGATCGGA-1	3	Pat10-A	Adjacent normal
Pat10-A-CGATGGCGTATGCTTG-1	13	Pat10-A	Adjacent normal
Pat10-A-CGGACACTCTTAGAGC-1	3	Pat10-A	Adjacent normal
Pat10-A-CGTAGGCAGACTAGGC-1	3	Pat10-A	Adjacent normal
Pat10-A-CTCAGAATCTGAGTGT-1	3	Pat10-A	Adjacent normal
Pat10-A-CTCATTAGTTGTACAC-1	3	Pat10-A	Adjacent normal
Pat10-A-CTGATCCGTAGCTGCC-1	3	Pat10-A	Adjacent normal
Pat10-A-CTGCTGTTCCGGGTGT-1	3	Pat10-A	Adjacent normal
Pat10-A-CTGTTTAAGGTGTGGT-1	3	Pat10-A	Adjacent normal
Pat10-A-CTTAACTTCCATGAGT-1	3	Pat10-A	Adjacent normal
Pat10-A-CTTAGGAGTCCCTACT-1	3	Pat10-A	Adjacent normal
Pat10-A-CTTCTCTAGGCCCTTG-1	13	Pat10-A	Adjacent normal
Pat10-A-GAACCTAGTTAAAGAC-1	3	Pat10-A	Adjacent normal
Pat10-A-GAGTCCGTCTTACCGC-1	3	Pat10-A	Adjacent normal
Pat10-A-GATCAGTCAACCGCCA-1	3	Pat10-A	Adjacent normal
Pat10-A-GATCAGTCATTAGGCT-1	3	Pat10-A	Adjacent normal
Pat10-A-GATCGCGAGAGTACCG-1	3	Pat10-A	Adjacent normal
Pat10-A-GATGAGGCAATCCAAC-1	3	Pat10-A	Adjacent normal
Pat10-A-GCATACACATCCCACT-1	3	Pat10-A	Adjacent normal
Pat10-A-GCATGATGTTACGACT-1	3	Pat10-A	Adjacent normal
Pat10-A-GCGACCAGTTAAAGTG-1	3	Pat10-A	Adjacent normal
Pat10-A-GCGACCATCCATTCTA-1	3	Pat10-A	Adjacent normal
Pat10-A-GCTCTGTGTTAAGATG-1	3	Pat10-A	Adjacent normal
Pat10-A-GGACATTGTGATGCCC-1	3	Pat10-A	Adjacent normal
Pat10-A-GGACGTCGTCTCATCC-1	3	Pat10-A	Adjacent normal
Pat10-A-GGCTGGTCAAGACACG-1	3	Pat10-A	Adjacent normal
Pat10-A-GGTATTGTCGCCCTTA-1	3	Pat10-A	Adjacent normal
Pat10-A-GGTGCGTGTAAGAGAG-1	3	Pat10-A	Adjacent normal
Pat10-A-GTAACTGGTCGCGGTT-1	3	Pat10-A	Adjacent normal
Pat10-A-GTTTCTACAGCCTGTG-1	3	Pat10-A	Adjacent normal
Pat10-A-TACCTTATCGATAGAA-1	3	Pat10-A	Adjacent normal
Pat10-A-TACTTGTAGGGCTTGA-1	3	Pat10-A	Adjacent normal
Pat10-A-TGACTAGCATTGGTAC-1	3	Pat10-A	Adjacent normal
Pat10-A-TGCCAAAGTCCCTACT-1	3	Pat10-A	Adjacent normal
Pat10-A-TGCCAAATCCGCAAGC-1	13	Pat10-A	Adjacent normal
Pat10-A-TGCGGGTTCCGAGCCA-1	3	Pat10-A	Adjacent normal
Pat10-A-TGGGCGTCAGTATAAG-1	3	Pat10-A	Adjacent normal
Pat10-A-TGGTTAGAGATATACG-1	3	Pat10-A	Adjacent normal
Pat10-A-TGTCCCATCTCAAACG-1	3	Pat10-A	Adjacent normal
Pat10-A-TTAGGCAGTAACGTTC-1	3	Pat10-A	Adjacent normal
Pat10-A-TTGCGTCCATGACGGA-1	3	Pat10-A	Adjacent normal
Pat10-A-TTGGCAAAGCTGATAA-1	3	Pat10-A	Adjacent normal
Pat10-B-AAGGAGCCAAGTTCTG-1	3	Pat10-B	Cancer
Pat10-B-AAGGTTCTCCGAACGC-1	3	Pat10-B	Cancer
Pat10-B-ACAGCTACACATCTTT-1	3	Pat10-B	Cancer
Pat10-B-ACCTTTAGTGCCTGTG-1	3	Pat10-B	Cancer
Pat10-B-ACTGAACGTCGAAAGC-1	3	Pat10-B	Cancer
Pat10-B-AGCAGCCTCTGATTCT-1	3	Pat10-B	Cancer
Pat10-B-AGGGAGTAGCCGTCGT-1	3	Pat10-B	Cancer
Pat10-B-AGGGTGACAAATACAG-1	3	Pat10-B	Cancer
Pat10-B-AGTAGTCCAGTCCTTC-1	3	Pat10-B	Cancer
Pat10-B-ATCCGAAAGTGTCTCA-1	3	Pat10-B	Cancer
Pat10-B-ATGCGATCATCTATGG-1	3	Pat10-B	Cancer
Pat10-B-ATGCGATGTGTCAATC-1	3	Pat10-B	Cancer
Pat10-B-CACACTCAGGCTCTTA-1	3	Pat10-B	Cancer
Pat10-B-CACCACTTCAGGTTCA-1	3	Pat10-B	Cancer
Pat10-B-CACTCCAGTTCCACGG-1	3	Pat10-B	Cancer
Pat10-B-CAGAATCTCACTCTTA-1	3	Pat10-B	Cancer
Pat10-B-CATATGGCACTCAGGC-1	3	Pat10-B	Cancer
Pat10-B-CATTCGCTCACAGGCC-1	3	Pat10-B	Cancer
Pat10-B-CATTCGCTCGAATCCA-1	3	Pat10-B	Cancer
Pat10-B-CCACCTATCAAACCGT-1	3	Pat10-B	Cancer
Pat10-B-CCATGTCCATGAAGTA-1	3	Pat10-B	Cancer
Pat10-B-CCTATTATCCTGCAGG-1	3	Pat10-B	Cancer
Pat10-B-CCTTACGCACGAGAGT-1	3	Pat10-B	Cancer
Pat10-B-CGATGGCAGACAGAGA-1	3	Pat10-B	Cancer
Pat10-B-CGCGGTATCGTCACGG-1	3	Pat10-B	Cancer
Pat10-B-CGGTTAATCAAACAAG-1	3	Pat10-B	Cancer
Pat10-B-CGTGAGCAGCGTTGCC-1	3	Pat10-B	Cancer
Pat10-B-CGTGTAATCTCCAACC-1	3	Pat10-B	Cancer
Pat10-B-CTACCCAGTCGAAAGC-1	3	Pat10-B	Cancer
Pat10-B-CTCATTACATCCCACT-1	3	Pat10-B	Cancer
Pat10-B-CTCGAGGGTTCCTCCA-1	3	Pat10-B	Cancer
Pat10-B-CTCTACGAGGCATGTG-1	3	Pat10-B	Cancer
Pat10-B-CTGCTGTAGGTCATCT-1	3	Pat10-B	Cancer
Pat10-B-GAACATCTCGTTACAG-1	3	Pat10-B	Cancer
Pat10-B-GAACCTAAGTAGCGGT-1	3	Pat10-B	Cancer
Pat10-B-GACCAATAGTACGTTC-1	3	Pat10-B	Cancer
Pat10-B-GACCTGGTCCAAACAC-1	3	Pat10-B	Cancer
Pat10-B-GACGTGCGTGGTACAG-1	3	Pat10-B	Cancer
Pat10-B-GACTAACTCTGTCAAG-1	3	Pat10-B	Cancer
Pat10-B-GATTCAGAGAGCTGCA-1	3	Pat10-B	Cancer
Pat10-B-GCACATATCCAAATGC-1	3	Pat10-B	Cancer
Pat10-B-GCATGTAAGTAGTGCG-1	3	Pat10-B	Cancer
Pat10-B-GGAGCAATCTCGTATT-1	3	Pat10-B	Cancer
Pat10-B-GGATTACCAGTAGAGC-1	3	Pat10-B	Cancer
Pat10-B-GGCTGGTAGTTATCGC-1	3	Pat10-B	Cancer
Pat10-B-GTACTTTCATTGGGCC-1	3	Pat10-B	Cancer
Pat10-B-GTCAAGTTCGCCAGCA-1	3	Pat10-B	Cancer
Pat10-B-TAAACCGTCGGCGGTT-1	3	Pat10-B	Cancer
Pat10-B-TAAGCGTTCGGCGCTA-1	3	Pat10-B	Cancer
Pat10-B-TACAGTGTCTTGTTTG-1	3	Pat10-B	Cancer
Pat10-B-TACGGATAGCTCTCGG-1	3	Pat10-B	Cancer
Pat10-B-TATTACCAGTTAAGTG-1	3	Pat10-B	Cancer
Pat10-B-TCGTACCAGGTACTCT-1	3	Pat10-B	Cancer
Pat10-B-TCTCATACACGGACAA-1	3	Pat10-B	Cancer
Pat10-B-TGCTACCCAGTTCCCT-1	3	Pat10-B	Cancer
Pat10-B-TGCTGCTCACGTCAGC-1	3	Pat10-B	Cancer
Pat10-B-TGGACGCTCCTTTCTC-1	3	Pat10-B	Cancer
Pat10-B-TGGGCGTGTTGCTCCT-1	3	Pat10-B	Cancer
Pat10-B-TGTATTCTCGGTGTCG-1	3	Pat10-B	Cancer
Pat10-B-TTCGGTCTCATAGCAC-1	3	Pat10-B	Cancer
Pat10-B-TTTACTGCAGCCTTGG-1	3	Pat10-B	Cancer
Pat10-B-TTTGGTTAGACCTAGG-1	3	Pat10-B	Cancer
Pat11-A-ATTCTACCAGTCAGCC-1	3	Pat11-A	Adjacent normal
Pat11-A-TGACTAGAGTCGAGTG-1	3	Pat11-A	Adjacent normal
Pat11-B-AGCGTATGTTCTGAAC-1	3	Pat11-B	Cancer
Pat11-B-AGGGAGTGTGACCAAG-1	3	Pat11-B	Cancer
Pat11-B-AGTGAGGGTCTCAACA-1	3	Pat11-B	Cancer
Pat11-B-CGATGGCAGCTAGTGG-1	3	Pat11-B	Cancer
Pat11-B-CGGAGCTAGAGCTGGT-1	3	Pat11-B	Cancer
Pat11-B-CGTTAGACACGGATAG-1	3	Pat11-B	Cancer
Pat11-B-CTCGGAGAGTAATCCC-1	3	Pat11-B	Cancer
Pat11-B-CTCTGGTTCGTGTAGT-1	13	Pat11-B	Cancer
Pat11-B-GATGAAACAGAAGCAC-1	3	Pat11-B	Cancer
Pat11-B-GCTGCTTCATGCTAGT-1	3	Pat11-B	Cancer
Pat11-B-GTATTCTAGCTGGAAC-1	3	Pat11-B	Cancer
Pat11-B-TAGACCAGTCAGGACA-1	3	Pat11-B	Cancer
Pat11-B-TCTCTAAGTTATGTGC-1	3	Pat11-B	Cancer
Pat11-B-TGGCCAGGTACCCAAT-1	3	Pat11-B	Cancer
Pat11-B-TTAGGCATCAGCTCTC-1	3	Pat11-B	Cancer
Pat12-A-AAAGATGAGGACTGGT-1	3	Pat12-A	Adjacent normal
Pat12-A-AACCATGCACTACAGT-1	3	Pat12-A	Adjacent normal
Pat12-A-AACCGCGTCCGCTGTT-1	3	Pat12-A	Adjacent normal
Pat12-A-AACCGCGTCTACGAGT-1	3	Pat12-A	Adjacent normal
Pat12-A-AACGTTGTCCCAAGTA-1	3	Pat12-A	Adjacent normal
Pat12-A-AACTCAGCAACGCACC-1	3	Pat12-A	Adjacent normal
Pat12-A-AACTTTCCACAGAGGT-1	3	Pat12-A	Adjacent normal
Pat12-A-AACTTTCCATCCCATC-1	3	Pat12-A	Adjacent normal
Pat12-A-AAGTCTGAGATATGCA-1	3	Pat12-A	Adjacent normal
Pat12-A-ACACCAAGTACTCTCC-1	3	Pat12-A	Adjacent normal
Pat12-A-ACAGCTACAGCTGCAC-1	3	Pat12-A	Adjacent normal
Pat12-A-ACATACGAGAAACGAG-1	3	Pat12-A	Adjacent normal
Pat12-A-ACCCACTCAAATTGCC-1	3	Pat12-A	Adjacent normal
Pat12-A-ACGAGCCCAGCTGTGC-1	3	Pat12-A	Adjacent normal
Pat12-A-ACGAGGACACCGAAAG-1	3	Pat12-A	Adjacent normal
Pat12-A-ACGATGTCATATACCG-1	3	Pat12-A	Adjacent normal
Pat12-A-ACGGAGACACGGATAG-1	3	Pat12-A	Adjacent normal
Pat12-A-ACGGGTCGTACCTACA-1	3	Pat12-A	Adjacent normal
Pat12-A-ACGGGTCTCGGTTAAC-1	3	Pat12-A	Adjacent normal
Pat12-A-ACTATCTGTCGGCATC-1	3	Pat12-A	Adjacent normal
Pat12-A-ACTGAGTCATCCGGGT-1	3	Pat12-A	Adjacent normal
Pat12-A-ACTGCTCCACGGTTTA-1	3	Pat12-A	Adjacent normal
Pat12-A-ACTGTCCTCTATCCCG-1	3	Pat12-A	Adjacent normal
Pat12-A-ACTTACTTCTCCGGTT-1	3	Pat12-A	Adjacent normal
Pat12-A-ACTTTCAGTCCGAACC-1	3	Pat12-A	Adjacent normal
Pat12-A-ACTTTCATCTAACCGA-1	3	Pat12-A	Adjacent normal
Pat12-A-AGAATAGAGCAGGTCA-1	3	Pat12-A	Adjacent normal
Pat12-A-AGAGCGAAGACTACAA-1	3	Pat12-A	Adjacent normal
Pat12-A-AGAGCTTCATATACCG-1	3	Pat12-A	Adjacent normal
Pat12-A-AGAGTGGTCAGTGCAT-1	13	Pat12-A	Adjacent normal
Pat12-A-AGCAGCCAGTACGTAA-1	3	Pat12-A	Adjacent normal
Pat12-A-AGCCTAACATCGGAAG-1	3	Pat12-A	Adjacent normal
Pat12-A-AGCGGTCAGTGTGAAT-1	3	Pat12-A	Adjacent normal
Pat12-A-AGCTCTCGTTCCCTTG-1	3	Pat12-A	Adjacent normal
Pat12-A-AGGGTGAGTAGCAAAT-1	3	Pat12-A	Adjacent normal
Pat12-A-AGGTCATAGTGGAGTC-1	3	Pat12-A	Adjacent normal
Pat12-A-AGTCTTTGTTTGGGCC-1	3	Pat12-A	Adjacent normal
Pat12-A-AGTGTCAAGACTAGAT-1	3	Pat12-A	Adjacent normal
Pat12-A-ATAACGCAGATGGGTC-1	3	Pat12-A	Adjacent normal
Pat12-A-ATAACGCAGTCATCCA-1	3	Pat12-A	Adjacent normal
Pat12-A-ATAAGAGCATACTCTT-1	3	Pat12-A	Adjacent normal
Pat12-A-ATAGACCAGAGCTATA-1	3	Pat12-A	Adjacent normal
Pat12-A-ATCATGGTCTTATCTG-1	3	Pat12-A	Adjacent normal
Pat12-A-ATCCGAAAGCTTTGGT-1	3	Pat12-A	Adjacent normal
Pat12-A-ATCCGAAGTCACCCAG-1	3	Pat12-A	Adjacent normal
Pat12-A-ATCTACTCAAGCCGTC-1	3	Pat12-A	Adjacent normal
Pat12-A-ATCTGCCAGTGTCCAT-1	3	Pat12-A	Adjacent normal
Pat12-A-ATGGGAGAGTAGATGT-1	3	Pat12-A	Adjacent normal
Pat12-A-ATTCTACCAATGAAAC-1	3	Pat12-A	Adjacent normal
Pat12-A-ATTCTACCATCACGAT-1	3	Pat12-A	Adjacent normal
Pat12-A-ATTGGACGTACCTACA-1	3	Pat12-A	Adjacent normal
Pat12-A-CAACCAACAGAGCCAA-1	3	Pat12-A	Adjacent normal
Pat12-A-CAAGAAATCAAGAAGT-1	3	Pat12-A	Adjacent normal
Pat12-A-CAAGATCCAGGTCTCG-1	3	Pat12-A	Adjacent normal
Pat12-A-CACAAACAGGCCCGTT-1	3	Pat12-A	Adjacent normal
Pat12-A-CACACCTCAGGGTATG-1	3	Pat12-A	Adjacent normal
Pat12-A-CACACCTTCTTTACGT-1	3	Pat12-A	Adjacent normal
Pat12-A-CACAGGCAGTCGATAA-1	3	Pat12-A	Adjacent normal
Pat12-A-CACATAGTCATCGGAT-1	3	Pat12-A	Adjacent normal
Pat12-A-CACTCCACACTACAGT-1	3	Pat12-A	Adjacent normal
Pat12-A-CAGATCAGTCGAGTTT-1	3	Pat12-A	Adjacent normal
Pat12-A-CAGCGACGTTACGTCA-1	3	Pat12-A	Adjacent normal
Pat12-A-CAGCTAACAAGTTGTC-1	3	Pat12-A	Adjacent normal
Pat12-A-CAGTAACCATTTCACT-1	3	Pat12-A	Adjacent normal
Pat12-A-CAGTAACTCCGAACGC-1	3	Pat12-A	Adjacent normal
Pat12-A-CATATTCGTAGGACAC-1	3	Pat12-A	Adjacent normal
Pat12-A-CATCGGGCACGTGAGA-1	3	Pat12-A	Adjacent normal
Pat12-A-CATGACACATATGAGA-1	3	Pat12-A	Adjacent normal
Pat12-A-CATGACATCAGCGACC-1	3	Pat12-A	Adjacent normal
Pat12-A-CCACGGACAAAGCAAT-1	3	Pat12-A	Adjacent normal
Pat12-A-CCACTACTCGAATGGG-1	3	Pat12-A	Adjacent normal
Pat12-A-CCAGCGACACAAGACG-1	3	Pat12-A	Adjacent normal
Pat12-A-CCTATTATCGTAGGTT-1	3	Pat12-A	Adjacent normal
Pat12-A-CCTTCCCGTAATCGTC-1	3	Pat12-A	Adjacent normal
Pat12-A-CCTTTCTAGAATCTCC-1	3	Pat12-A	Adjacent normal
Pat12-A-CGAGCCATCTCTGTCG-1	3	Pat12-A	Adjacent normal
Pat12-A-CGATCGGTCTTAGAGC-1	3	Pat12-A	Adjacent normal
Pat12-A-CGATGTAGTCCATCCT-1	3	Pat12-A	Adjacent normal
Pat12-A-CGATGTATCGCAGGCT-1	3	Pat12-A	Adjacent normal
Pat12-A-CGCTGGATCGTGGGAA-1	3	Pat12-A	Adjacent normal
Pat12-A-CGCTTCAGTAGCCTAT-1	3	Pat12-A	Adjacent normal
Pat12-A-CGGACGTAGTAACCCT-1	3	Pat12-A	Adjacent normal
Pat12-A-CGGAGTCGTAGGGTAC-1	3	Pat12-A	Adjacent normal
Pat12-A-CGGCTAGTCCTAAGTG-1	3	Pat12-A	Adjacent normal
Pat12-A-CGTAGCGCAGAGTGTG-1	3	Pat12-A	Adjacent normal
Pat12-A-CGTAGGCTCGACAGCC-1	3	Pat12-A	Adjacent normal
Pat12-A-CGTCCATTCCTAAGTG-1	3	Pat12-A	Adjacent normal
Pat12-A-CGTGAGCCAATCAGAA-1	3	Pat12-A	Adjacent normal
Pat12-A-CGTGTCTGTCAATGTC-1	3	Pat12-A	Adjacent normal
Pat12-A-CGTTAGAAGAGCTGCA-1	3	Pat12-A	Adjacent normal
Pat12-A-CTAACTTAGCGTTGCC-1	3	Pat12-A	Adjacent normal
Pat12-A-CTAACTTGTCGGATCC-1	3	Pat12-A	Adjacent normal
Pat12-A-CTACACCCACGGTGTC-1	3	Pat12-A	Adjacent normal
Pat12-A-CTACATTAGACATAAC-1	3	Pat12-A	Adjacent normal
Pat12-A-CTACGTCCACTCGACG-1	3	Pat12-A	Adjacent normal
Pat12-A-CTAGCCTTCGACCAGC-1	3	Pat12-A	Adjacent normal
Pat12-A-CTCACACAGAGTACCG-1	3	Pat12-A	Adjacent normal
Pat12-A-CTCCTAGGTATAATGG-1	3	Pat12-A	Adjacent normal
Pat12-A-CTCGGGACAATGGACG-1	3	Pat12-A	Adjacent normal
Pat12-A-CTCGTACAGATCTGCT-1	3	Pat12-A	Adjacent normal
Pat12-A-CTCGTCAAGGAATTAC-1	3	Pat12-A	Adjacent normal
Pat12-A-CTCGTCACAAAGTCAA-1	3	Pat12-A	Adjacent normal
Pat12-A-CTCGTCAGTTCCATGA-1	3	Pat12-A	Adjacent normal
Pat12-A-CTCTAATAGAGAGCTC-1	3	Pat12-A	Adjacent normal
Pat12-A-CTCTACGAGTGTTGAA-1	3	Pat12-A	Adjacent normal
Pat12-A-CTTAACTGTCGCATCG-1	3	Pat12-A	Adjacent normal
Pat12-A-CTTAGGAAGTGTACTC-1	3	Pat12-A	Adjacent normal
Pat12-A-CTTTGCGTCCAAGCCG-1	3	Pat12-A	Adjacent normal
Pat12-A-GAATAAGCACTAGTAC-1	3	Pat12-A	Adjacent normal
Pat12-A-GAATAAGGTCAAAGAT-1	3	Pat12-A	Adjacent normal
Pat12-A-GAATGAAAGAGTAATC-1	3	Pat12-A	Adjacent normal
Pat12-A-GACAGAGGTCGGCTCA-1	3	Pat12-A	Adjacent normal
Pat12-A-GACGTTAAGCTCCTCT-1	3	Pat12-A	Adjacent normal
Pat12-A-GACGTTAAGTCTTGCA-1	3	Pat12-A	Adjacent normal
Pat12-A-GAGCAGAGTAGATTAG-1	3	Pat12-A	Adjacent normal
Pat12-A-GAGGTGATCTATCGCC-1	3	Pat12-A	Adjacent normal
Pat12-A-GATCGATCACAGGTTT-1	3	Pat12-A	Adjacent normal
Pat12-A-GATCGCGAGTAGGTGC-1	3	Pat12-A	Adjacent normal
Pat12-A-GATCGCGTCAGCACAT-1	3	Pat12-A	Adjacent normal
Pat12-A-GATGAAATCATAAAGG-1	3	Pat12-A	Adjacent normal
Pat12-A-GATGCTATCCTAGTGA-1	3	Pat12-A	Adjacent normal
Pat12-A-GCAAACTCAGGCGATA-1	3	Pat12-A	Adjacent normal
Pat12-A-GCATGATCATGCTGGC-1	3	Pat12-A	Adjacent normal
Pat12-A-GCATGCGCACCAGTTA-1	3	Pat12-A	Adjacent normal
Pat12-A-GCGCAACTCGTCGTTC-1	3	Pat12-A	Adjacent normal
Pat12-A-GCGCAGTCATGGTCAT-1	3	Pat12-A	Adjacent normal
Pat12-A-GCTGCAGTCCTAGGGC-1	3	Pat12-A	Adjacent normal
Pat12-A-GCTGCGAAGAGAGCTC-1	3	Pat12-A	Adjacent normal
Pat12-A-GCTTCCAAGAATGTGT-1	3	Pat12-A	Adjacent normal
Pat12-A-GCTTGAAGTAGCGTAG-1	3	Pat12-A	Adjacent normal
Pat12-A-GGAATAATCCGAACGC-1	3	Pat12-A	Adjacent normal
Pat12-A-GGACAAGGTTCGAATC-1	3	Pat12-A	Adjacent normal
Pat12-A-GGACGTCAGGGATGGG-1	3	Pat12-A	Adjacent normal
Pat12-A-GGCAATTCATTTGCTT-1	3	Pat12-A	Adjacent normal
Pat12-A-GGCCGATTCACGCATA-1	3	Pat12-A	Adjacent normal
Pat12-A-GGCTGGTAGGTGCAAC-1	3	Pat12-A	Adjacent normal
Pat12-A-GGGAATGCAGTACACT-1	3	Pat12-A	Adjacent normal
Pat12-A-GGGAGATAGTACGATA-1	3	Pat12-A	Adjacent normal
Pat12-A-GGGCACTAGAGCTATA-1	3	Pat12-A	Adjacent normal
Pat12-A-GGTATTGCAGTCAGAG-1	3	Pat12-A	Adjacent normal
Pat12-A-GTAACGTGTCCCTTGT-1	3	Pat12-A	Adjacent normal
Pat12-A-GTACTTTAGTACTTGC-1	3	Pat12-A	Adjacent normal
Pat12-A-GTATTCTTCCACGACG-1	3	Pat12-A	Adjacent normal
Pat12-A-GTCACGGCATGAACCT-1	3	Pat12-A	Adjacent normal
Pat12-A-GTCCTCAGTGCCTGCA-1	3	Pat12-A	Adjacent normal
Pat12-A-GTCTCGTAGTCTTGCA-1	3	Pat12-A	Adjacent normal
Pat12-A-GTCTTCGTCTGTACGA-1	3	Pat12-A	Adjacent normal
Pat12-A-GTGAAGGGTAGGGACT-1	3	Pat12-A	Adjacent normal
Pat12-A-GTGCGGTAGGCTCTTA-1	3	Pat12-A	Adjacent normal
Pat12-A-GTGTTAGAGCACAGGT-1	3	Pat12-A	Adjacent normal
Pat12-A-GTGTTAGTCACCACCT-1	3	Pat12-A	Adjacent normal
Pat12-A-GTTCATTCACCTCGTT-1	3	Pat12-A	Adjacent normal
Pat12-A-GTTCTCGGTCAAAGCG-1	3	Pat12-A	Adjacent normal
Pat12-A-TAAACCGGTAGGCATG-1	3	Pat12-A	Adjacent normal
Pat12-A-TAAACCGGTCGCTTCT-1	3	Pat12-A	Adjacent normal
Pat12-A-TAAACCGTCTGCCCTA-1	3	Pat12-A	Adjacent normal
Pat12-A-TAAGAGATCAATCACG-1	3	Pat12-A	Adjacent normal
Pat12-A-TAAGCGTTCATCTGCC-1	3	Pat12-A	Adjacent normal
Pat12-A-TACAGTGAGCCCAATT-1	3	Pat12-A	Adjacent normal
Pat12-A-TACTCATCATAGGATA-1	3	Pat12-A	Adjacent normal
Pat12-A-TACTCATGTGTAACGG-1	3	Pat12-A	Adjacent normal
Pat12-A-TAGACCACAGGACGTA-1	3	Pat12-A	Adjacent normal
Pat12-A-TAGGCATCAATCGAAA-1	3	Pat12-A	Adjacent normal
Pat12-A-TAGTGGTAGTCCGTAT-1	3	Pat12-A	Adjacent normal
Pat12-A-TAGTGGTCAACGCACC-1	3	Pat12-A	Adjacent normal
Pat12-A-TATCAGGGTCCGAAGA-1	3	Pat12-A	Adjacent normal
Pat12-A-TCACGAATCTGATACG-1	3	Pat12-A	Adjacent normal
Pat12-A-TCAGATGAGTGTCTCA-1	3	Pat12-A	Adjacent normal
Pat12-A-TCAGCTCAGCGCCTTG-1	3	Pat12-A	Adjacent normal
Pat12-A-TCAGGTAAGTTGAGAT-1	3	Pat12-A	Adjacent normal
Pat12-A-TCAGGTACAAAGGTGC-1	3	Pat12-A	Adjacent normal
Pat12-A-TCGCGAGCATGGGAAC-1	3	Pat12-A	Adjacent normal
Pat12-A-TCGCGAGTCCATGAGT-1	3	Pat12-A	Adjacent normal
Pat12-A-TCGCGAGTCTGCTGTC-1	3	Pat12-A	Adjacent normal
Pat12-A-TCGGGACGTATAAACG-1	3	Pat12-A	Adjacent normal
Pat12-A-TCTATTGGTCTGCCAG-1	3	Pat12-A	Adjacent normal
Pat12-A-TCTGGAACAATCGGTT-1	3	Pat12-A	Adjacent normal
Pat12-A-TCTGGAACATGGTCTA-1	3	Pat12-A	Adjacent normal
Pat12-A-TGAGAGGAGGTTCCTA-1	3	Pat12-A	Adjacent normal
Pat12-A-TGAGCCGTCGGCATCG-1	3	Pat12-A	Adjacent normal
Pat12-A-TGCACCTGTAGATTAG-1	3	Pat12-A	Adjacent normal
Pat12-A-TGCCCTAGTAATTGGA-1	3	Pat12-A	Adjacent normal
Pat12-A-TGCCCTAGTACAGCAG-1	3	Pat12-A	Adjacent normal
Pat12-A-TGGCGCATCTACGAGT-1	3	Pat12-A	Adjacent normal
Pat12-A-TGGGCGTAGCTTATCG-1	3	Pat12-A	Adjacent normal
Pat12-A-TGGTTCCTCAGTGCAT-1	3	Pat12-A	Adjacent normal
Pat12-A-TGTCCCAAGGCTACGA-1	3	Pat12-A	Adjacent normal
Pat12-A-TGTTCCGCAACAACCT-1	3	Pat12-A	Adjacent normal
Pat12-A-TGTTCCGTCGCTTGTC-1	3	Pat12-A	Adjacent normal
Pat12-A-TTAACTCGTGCTAGCC-1	3	Pat12-A	Adjacent normal
Pat12-A-TTAGTTCTCGCACTCT-1	3	Pat12-A	Adjacent normal
Pat12-A-TTCCCAGTCACCCGAG-1	3	Pat12-A	Adjacent normal
Pat12-A-TTCGGTCAGGGTGTGT-1	3	Pat12-A	Adjacent normal
Pat12-A-TTCTACAGTTGGTTTG-1	3	Pat12-A	Adjacent normal
Pat12-A-TTCTCAATCTTCGGTC-1	3	Pat12-A	Adjacent normal
Pat12-A-TTGGAACCACCGATAT-1	3	Pat12-A	Adjacent normal
Pat12-A-TTGTAGGGTGCAGACA-1	3	Pat12-A	Adjacent normal
Pat12-A-TTTGTCATCGAGCCCA-1	3	Pat12-A	Adjacent normal
Pat12-B-AAACGGGTCATGTGGT-1	3	Pat12-B	Cancer
Pat12-B-AACGTTGCACCGATAT-1	3	Pat12-B	Cancer
Pat12-B-AACTCTTGTAGAAGGA-1	3	Pat12-B	Cancer
Pat12-B-AAGGCAGCATGTTCCC-1	3	Pat12-B	Cancer
Pat12-B-AAGGCAGTCCCATTTA-1	3	Pat12-B	Cancer
Pat12-B-ACAGCTAAGTGCGTGA-1	3	Pat12-B	Cancer
Pat12-B-ACCCACTGTAGCGTGA-1	3	Pat12-B	Cancer
Pat12-B-ACCTTTAAGCTGGAAC-1	3	Pat12-B	Cancer
Pat12-B-ACCTTTAGTGCACGAA-1	3	Pat12-B	Cancer
Pat12-B-ACGATACAGTCGTACT-1	3	Pat12-B	Cancer
Pat12-B-ACGCAGCGTGCAACTT-1	3	Pat12-B	Cancer
Pat12-B-ACGCCAGAGCGATATA-1	3	Pat12-B	Cancer
Pat12-B-ACGCCGACAAGTCTGT-1	3	Pat12-B	Cancer
Pat12-B-ACGGAGAGTGACCAAG-1	3	Pat12-B	Cancer
Pat12-B-ACGGCCATCGGCCGAT-1	3	Pat12-B	Cancer
Pat12-B-ACGTCAACAGACGTAG-1	3	Pat12-B	Cancer
Pat12-B-ACTGCTCCAGATTGCT-1	3	Pat12-B	Cancer
Pat12-B-ACTGTCCTCCGCTGTT-1	3	Pat12-B	Cancer
Pat12-B-AGAGCGATCACTTCAT-1	3	Pat12-B	Cancer
Pat12-B-AGATCTGCATCTACGA-1	3	Pat12-B	Cancer
Pat12-B-AGCATACCAAACGTGG-1	3	Pat12-B	Cancer
Pat12-B-AGGGATGGTACAGTTC-1	3	Pat12-B	Cancer
Pat12-B-AGGGATGTCCAGAGGA-1	3	Pat12-B	Cancer
Pat12-B-AGGGTGAAGAGTCGGT-1	3	Pat12-B	Cancer
Pat12-B-AGGGTGAAGGCACATG-1	3	Pat12-B	Cancer
Pat12-B-AGGGTGAAGTGTACCT-1	3	Pat12-B	Cancer
Pat12-B-ATCATGGAGAGCTGCA-1	3	Pat12-B	Cancer
Pat12-B-ATCATGGGTCGCCATG-1	3	Pat12-B	Cancer
Pat12-B-ATCATGGTCTCCCTGA-1	3	Pat12-B	Cancer
Pat12-B-ATCGAGTTCGCAAGCC-1	3	Pat12-B	Cancer
Pat12-B-ATCGAGTTCTCACATT-1	3	Pat12-B	Cancer
Pat12-B-ATCTACTGTGTCCTCT-1	3	Pat12-B	Cancer
Pat12-B-ATGCGATCAGTCTTCC-1	3	Pat12-B	Cancer
Pat12-B-ATTACTCCACATTCGA-1	3	Pat12-B	Cancer
Pat12-B-ATTGGACCATTAACCG-1	3	Pat12-B	Cancer
Pat12-B-ATTGGTGTCTCATTCA-1	3	Pat12-B	Cancer
Pat12-B-ATTTCTGCACTAGTAC-1	3	Pat12-B	Cancer
Pat12-B-CAACCAAAGATGTCGG-1	3	Pat12-B	Cancer
Pat12-B-CAACTAGAGATGCCTT-1	3	Pat12-B	Cancer
Pat12-B-CAAGATCCACGTCTCT-1	3	Pat12-B	Cancer
Pat12-B-CAAGATCGTGCTGTAT-1	3	Pat12-B	Cancer
Pat12-B-CACAAACAGGAATTAC-1	3	Pat12-B	Cancer
Pat12-B-CACCACTGTCACAAGG-1	3	Pat12-B	Cancer
Pat12-B-CACCAGGGTGTTTGTG-1	3	Pat12-B	Cancer
Pat12-B-CAGATCACACCGATAT-1	3	Pat12-B	Cancer
Pat12-B-CAGATCATCGGTCCGA-1	3	Pat12-B	Cancer
Pat12-B-CAGCAGCTCTATCCTA-1	3	Pat12-B	Cancer
Pat12-B-CAGCATATCCAGTAGT-1	3	Pat12-B	Cancer
Pat12-B-CATATGGAGAAACCGC-1	3	Pat12-B	Cancer
Pat12-B-CATCAGAAGTACGATA-1	3	Pat12-B	Cancer
Pat12-B-CATCGAAAGGCCGAAT-1	3	Pat12-B	Cancer
Pat12-B-CATCGGGAGCGTTTAC-1	3	Pat12-B	Cancer
Pat12-B-CCGGGATAGTGTCCAT-1	3	Pat12-B	Cancer
Pat12-B-CCTTCCCAGAAGGTGA-1	3	Pat12-B	Cancer
Pat12-B-CCTTTCTCATTGGCGC-1	3	Pat12-B	Cancer
Pat12-B-CGAGAAGAGCTGCCCA-1	3	Pat12-B	Cancer
Pat12-B-CGAGCCAGTCTTGATG-1	3	Pat12-B	Cancer
Pat12-B-CGGACACGTCGTTGTA-1	3	Pat12-B	Cancer
Pat12-B-CGGACGTCAGGGATTG-1	3	Pat12-B	Cancer
Pat12-B-CGGAGCTAGTAGATGT-1	3	Pat12-B	Cancer
Pat12-B-CGGCTAGCAACGATGG-1	3	Pat12-B	Cancer
Pat12-B-CGTCACTCAAAGTGCG-1	3	Pat12-B	Cancer
Pat12-B-CGTCCATCATCGGAAG-1	3	Pat12-B	Cancer
Pat12-B-CGTTCTGAGACTCGGA-1	3	Pat12-B	Cancer
Pat12-B-CGTTCTGAGCTGAAAT-1	3	Pat12-B	Cancer
Pat12-B-CTAACTTGTCTAGCGC-1	3	Pat12-B	Cancer
Pat12-B-CTCGAAAGTAGATTAG-1	3	Pat12-B	Cancer
Pat12-B-CTCGAAAGTCTAGCGC-1	3	Pat12-B	Cancer
Pat12-B-CTCTACGCATGTCCTC-1	3	Pat12-B	Cancer
Pat12-B-CTGCGGATCACCCGAG-1	3	Pat12-B	Cancer
Pat12-B-CTGCGGATCTATCCTA-1	3	Pat12-B	Cancer
Pat12-B-CTGGTCTTCATGCAAC-1	3	Pat12-B	Cancer
Pat12-B-CTGTGCTAGCTGTCTA-1	3	Pat12-B	Cancer
Pat12-B-CTTAACTGTGCTAGCC-1	3	Pat12-B	Cancer
Pat12-B-CTTAGGAGTTGTGGCC-1	3	Pat12-B	Cancer
Pat12-B-GAAATGAAGAAGGGTA-1	3	Pat12-B	Cancer
Pat12-B-GACGCGTAGGATGCGT-1	3	Pat12-B	Cancer
Pat12-B-GACGGCTGTAGAAGGA-1	3	Pat12-B	Cancer
Pat12-B-GACTACATCCAGATCA-1	3	Pat12-B	Cancer
Pat12-B-GACTACATCGAATGCT-1	3	Pat12-B	Cancer
Pat12-B-GACTGCGCAAGACGTG-1	3	Pat12-B	Cancer
Pat12-B-GATCGTACAACTTGAC-1	3	Pat12-B	Cancer
Pat12-B-GCATACAAGGTTCCTA-1	3	Pat12-B	Cancer
Pat12-B-GCATGCGAGAGTTGGC-1	3	Pat12-B	Cancer
Pat12-B-GCATGCGCACGGACAA-1	3	Pat12-B	Cancer
Pat12-B-GCGCAGTGTTCTGTTT-1	3	Pat12-B	Cancer
Pat12-B-GCGCGATCAGACGCCT-1	3	Pat12-B	Cancer
Pat12-B-GCGCGATTCTAAGCCA-1	3	Pat12-B	Cancer
Pat12-B-GCTTGAAGTCGGCACT-1	3	Pat12-B	Cancer
Pat12-B-GGACAAGAGTCCTCCT-1	3	Pat12-B	Cancer
Pat12-B-GGACATTTCCATGAAC-1	3	Pat12-B	Cancer
Pat12-B-GGGAATGTCATTCACT-1	3	Pat12-B	Cancer
Pat12-B-GGGAGATGTTCCTCCA-1	3	Pat12-B	Cancer
Pat12-B-GTATCTTAGTATCGAA-1	3	Pat12-B	Cancer
Pat12-B-GTGTGCGAGAAGAAGC-1	3	Pat12-B	Cancer
Pat12-B-GTGTGCGCACCCATTC-1	3	Pat12-B	Cancer
Pat12-B-GTTCGGGGTGTTTGTG-1	3	Pat12-B	Cancer
Pat12-B-TAAGCGTGTCTGCCAG-1	3	Pat12-B	Cancer
Pat12-B-TACACGAGTCTAAAGA-1	3	Pat12-B	Cancer
Pat12-B-TACGGGCGTAGCGATG-1	3	Pat12-B	Cancer
Pat12-B-TACTCGCAGGACCACA-1	3	Pat12-B	Cancer
Pat12-B-TACTCGCGTTCGGGCT-1	3	Pat12-B	Cancer
Pat12-B-TAGGCATGTACTCGCG-1	3	Pat12-B	Cancer
Pat12-B-TAGGCATTCGAATCCA-1	3	Pat12-B	Cancer
Pat12-B-TATCTCATCGCGGATC-1	3	Pat12-B	Cancer
Pat12-B-TATTACCAGCGTTGCC-1	3	Pat12-B	Cancer
Pat12-B-TATTACCGTACTCTCC-1	3	Pat12-B	Cancer
Pat12-B-TCAACGAGTACGCACC-1	3	Pat12-B	Cancer
Pat12-B-TCAATCTCATCCTTGC-1	3	Pat12-B	Cancer
Pat12-B-TCAGATGTCGCCTGTT-1	3	Pat12-B	Cancer
Pat12-B-TCGAGGCCAGGTGCCT-1	3	Pat12-B	Cancer
Pat12-B-TCGTACCAGGGTCGAT-1	3	Pat12-B	Cancer
Pat12-B-TCGTACCAGTGCAAGC-1	3	Pat12-B	Cancer
Pat12-B-TCTGGAAGTCCGTTAA-1	3	Pat12-B	Cancer
Pat12-B-TCTTTCCTCAGAGACG-1	3	Pat12-B	Cancer
Pat12-B-TGAAAGAGTGAAGGCT-1	3	Pat12-B	Cancer
Pat12-B-TGACTAGGTGTGAAAT-1	3	Pat12-B	Cancer
Pat12-B-TGACTAGTCGGAAACG-1	3	Pat12-B	Cancer
Pat12-B-TGAGCCGTCTGATACG-1	3	Pat12-B	Cancer
Pat12-B-TGATTTCAGCACCGCT-1	3	Pat12-B	Cancer
Pat12-B-TGCACCTTCTTTAGTC-1	3	Pat12-B	Cancer
Pat12-B-TGCCAAACAGATTGCT-1	3	Pat12-B	Cancer
Pat12-B-TGCGCAGTCCAAACAC-1	3	Pat12-B	Cancer
Pat12-B-TGCTGCTAGCGATTCT-1	3	Pat12-B	Cancer
Pat12-B-TGCTGCTCACCCTATC-1	3	Pat12-B	Cancer
Pat12-B-TGGCCAGCATTTCACT-1	3	Pat12-B	Cancer
Pat12-B-TTAGGACGTAATCGTC-1	3	Pat12-B	Cancer
Pat12-B-TTCGGTCAGATATACG-1	3	Pat12-B	Cancer
Pat12-B-TTGCCGTAGTGACTCT-1	3	Pat12-B	Cancer
Pat12-B-TTTACTGAGCTAACTC-1	3	Pat12-B	Cancer
Pat12-B-TTTATGCCAGGTGGAT-1	3	Pat12-B	Cancer
Pat13-A-AAACGGGTCGATGAGG-1	3	Pat13-A	Adjacent normal
Pat13-A-AAAGTAGCAATGAAAC-1	3	Pat13-A	Adjacent normal
Pat13-A-AACACGTAGTTCGCAT-1	3	Pat13-A	Adjacent normal
Pat13-A-AACCATGCACATGGGA-1	3	Pat13-A	Adjacent normal
Pat13-A-AACGTTGGTGGCTCCA-1	3	Pat13-A	Adjacent normal
Pat13-A-AACTCTTGTAGAAAGG-1	3	Pat13-A	Adjacent normal
Pat13-A-AACTTTCAGGCTACGA-1	3	Pat13-A	Adjacent normal
Pat13-A-ACACCAAGTCATGCAT-1	3	Pat13-A	Adjacent normal
Pat13-A-ACACCCTGTTCTGGTA-1	3	Pat13-A	Adjacent normal
Pat13-A-ACAGCTAAGGGCTTCC-1	3	Pat13-A	Adjacent normal
Pat13-A-ACATGGTTCTCCCTGA-1	3	Pat13-A	Adjacent normal
Pat13-A-ACGAGGACAATCCAAC-1	3	Pat13-A	Adjacent normal
Pat13-A-ACGATGTAGGCCCGTT-1	3	Pat13-A	Adjacent normal
Pat13-A-ACGGCCACACAAGCCC-1	3	Pat13-A	Adjacent normal
Pat13-A-ACGGGTCCAGCGTTCG-1	3	Pat13-A	Adjacent normal
Pat13-A-ACTGTCCTCGGAGCAA-1	3	Pat13-A	Adjacent normal
Pat13-A-ACTTACTGTCAAAGCG-1	3	Pat13-A	Adjacent normal
Pat13-A-AGAGTGGAGGCTCATT-1	13	Pat13-A	Adjacent normal
Pat13-A-AGATCTGTCTAACCGA-1	3	Pat13-A	Adjacent normal
Pat13-A-AGCAGCCGTGGGTATG-1	3	Pat13-A	Adjacent normal
Pat13-A-AGCGGTCTCCAAAGTC-1	3	Pat13-A	Adjacent normal
Pat13-A-AGTGTCAAGGATATAC-1	3	Pat13-A	Adjacent normal
Pat13-A-AGTGTCATCTGTACGA-1	3	Pat13-A	Adjacent normal
Pat13-A-ATAACGCAGGGAGTAA-1	3	Pat13-A	Adjacent normal
Pat13-A-ATCATCTCAATAACGA-1	3	Pat13-A	Adjacent normal
Pat13-A-ATCCGAATCTACTTAC-1	3	Pat13-A	Adjacent normal
Pat13-A-ATGAGGGCAGACGTAG-1	3	Pat13-A	Adjacent normal
Pat13-A-ATGTGTGCATCGTCGG-1	3	Pat13-A	Adjacent normal
Pat13-A-ATTGGACGTCTAGGTT-1	3	Pat13-A	Adjacent normal
Pat13-A-CAAGGCCCACGGTAGA-1	3	Pat13-A	Adjacent normal
Pat13-A-CACACAAAGATCCCGC-1	3	Pat13-A	Adjacent normal
Pat13-A-CACAGGCAGCCAGGAT-1	3	Pat13-A	Adjacent normal
Pat13-A-CACCTTGAGGCATGGT-1	3	Pat13-A	Adjacent normal
Pat13-A-CAGCGACAGAGTACAT-1	3	Pat13-A	Adjacent normal
Pat13-A-CAGCGACCATCTGGTA-1	3	Pat13-A	Adjacent normal
Pat13-A-CAGGTGCGTCAGGACA-1	3	Pat13-A	Adjacent normal
Pat13-A-CAGGTGCGTCGAACAG-1	3	Pat13-A	Adjacent normal
Pat13-A-CATCGAAAGAAGGTTT-1	3	Pat13-A	Adjacent normal
Pat13-A-CATTATCGTGAGTATA-1	3	Pat13-A	Adjacent normal
Pat13-A-CATTATCTCAGAGACG-1	3	Pat13-A	Adjacent normal
Pat13-A-CCAGCGATCTACTTAC-1	3	Pat13-A	Adjacent normal
Pat13-A-CCATTCGAGGCCATAG-1	3	Pat13-A	Adjacent normal
Pat13-A-CCCAGTTAGTCAAGCG-1	3	Pat13-A	Adjacent normal
Pat13-A-CCCAGTTCAGCTGTGC-1	3	Pat13-A	Adjacent normal
Pat13-A-CCCTCCTTCACCTCGT-1	3	Pat13-A	Adjacent normal
Pat13-A-CCGTACTCAAAGAATC-1	3	Pat13-A	Adjacent normal
Pat13-A-CCGTACTTCTAGCACA-1	3	Pat13-A	Adjacent normal
Pat13-A-CCGTGGAAGAATGTGT-1	3	Pat13-A	Adjacent normal
Pat13-A-CCGTTCAAGACCACGA-1	3	Pat13-A	Adjacent normal
Pat13-A-CCGTTCAGTGGTCTCG-1	3	Pat13-A	Adjacent normal
Pat13-A-CCTACACTCCTTTCTC-1	3	Pat13-A	Adjacent normal
Pat13-A-CCTACCAGTCTGGTCG-1	3	Pat13-A	Adjacent normal
Pat13-A-CCTTCCCTCGAACTGT-1	3	Pat13-A	Adjacent normal
Pat13-A-CCTTCCCTCGTCGTTC-1	3	Pat13-A	Adjacent normal
Pat13-A-CGCTGGACATGCTAGT-1	3	Pat13-A	Adjacent normal
Pat13-A-CGCTTCATCATGCATG-1	3	Pat13-A	Adjacent normal
Pat13-A-CGGACGTAGACGCTTT-1	3	Pat13-A	Adjacent normal
Pat13-A-CGGACGTTCATACGGT-1	3	Pat13-A	Adjacent normal
Pat13-A-CGGGTCATCTTAGCCC-1	3	Pat13-A	Adjacent normal
Pat13-A-CGGTTAAGTCAATGTC-1	3	Pat13-A	Adjacent normal
Pat13-A-CGTGTAAAGCTCAACT-1	3	Pat13-A	Adjacent normal
Pat13-A-CGTTGGGGTTCGTCTC-1	3	Pat13-A	Adjacent normal
Pat13-A-CTAGCCTAGATATACG-1	3	Pat13-A	Adjacent normal
Pat13-A-CTCATTAGTACCGCTG-1	3	Pat13-A	Adjacent normal
Pat13-A-CTCGGGAGTGACGCCT-1	3	Pat13-A	Adjacent normal
Pat13-A-CTTGGCTCAGCGTAAG-1	3	Pat13-A	Adjacent normal
Pat13-A-CTTGGCTCATGTAGTC-1	3	Pat13-A	Adjacent normal
Pat13-A-GACAGAGTCTTGTACT-1	3	Pat13-A	Adjacent normal
Pat13-A-GAGCAGAGTCATACTG-1	3	Pat13-A	Adjacent normal
Pat13-A-GATCTAGTCATGCATG-1	3	Pat13-A	Adjacent normal
Pat13-A-GATGCTAGTAAGAGAG-1	3	Pat13-A	Adjacent normal
Pat13-A-GCAAACTTCAGCACAT-1	3	Pat13-A	Adjacent normal
Pat13-A-GCACATACAAGCGTAG-1	3	Pat13-A	Adjacent normal
Pat13-A-GCACATAGTCTCTTAT-1	3	Pat13-A	Adjacent normal
Pat13-A-GCAGCCAGTTACGCGC-1	3	Pat13-A	Adjacent normal
Pat13-A-GCATGCGGTAGATTAG-1	3	Pat13-A	Adjacent normal
Pat13-A-GCATGCGTCAGGTAAA-1	3	Pat13-A	Adjacent normal
Pat13-A-GCGAGAAGTGTCCTCT-1	3	Pat13-A	Adjacent normal
Pat13-A-GCGAGAATCTCACATT-1	3	Pat13-A	Adjacent normal
Pat13-A-GCGCAACCAGCTCGCA-1	13	Pat13-A	Adjacent normal
Pat13-A-GCGCAACTCACTGGGC-1	3	Pat13-A	Adjacent normal
Pat13-A-GCGCAGTCAGTAACGG-1	3	Pat13-A	Adjacent normal
Pat13-A-GCTGGGTCAATGTAAG-1	3	Pat13-A	Adjacent normal
Pat13-A-GCTTGAATCGGCTTGG-1	3	Pat13-A	Adjacent normal
Pat13-A-GGAGCAAGTCTCCCTA-1	3	Pat13-A	Adjacent normal
Pat13-A-GGCTGGTTCGATGAGG-1	3	Pat13-A	Adjacent normal
Pat13-A-GGCTGGTTCTGAGTGT-1	3	Pat13-A	Adjacent normal
Pat13-A-GGGACCTCAGCATGAG-1	3	Pat13-A	Adjacent normal
Pat13-A-GGGATGATCACCTTAT-1	3	Pat13-A	Adjacent normal
Pat13-A-GGGCACTGTTGACGTT-1	3	Pat13-A	Adjacent normal
Pat13-A-GGGTCTGTCTTCGAGA-1	3	Pat13-A	Adjacent normal
Pat13-A-GGTGTTATCCGCATAA-1	3	Pat13-A	Adjacent normal
Pat13-A-GTACTCCAGCAAATCA-1	3	Pat13-A	Adjacent normal
Pat13-A-GTACTCCTCCGTACAA-1	3	Pat13-A	Adjacent normal
Pat13-A-GTACTTTGTCAACATC-1	13	Pat13-A	Adjacent normal
Pat13-A-GTCAAGTTCGCATGAT-1	3	Pat13-A	Adjacent normal
Pat13-A-GTCACAACACATTCGA-1	3	Pat13-A	Adjacent normal
Pat13-A-GTCATTTGTCTAACGT-1	3	Pat13-A	Adjacent normal
Pat13-A-GTCTTCGAGCTAGTCT-1	3	Pat13-A	Adjacent normal
Pat13-A-GTTCTCGAGAATCTCC-1	3	Pat13-A	Adjacent normal
Pat13-A-TACGGATGTGTTCTTT-1	3	Pat13-A	Adjacent normal
Pat13-A-TACGGGCCATGCTGGC-1	3	Pat13-A	Adjacent normal
Pat13-A-TACTTACTCTCGTATT-1	3	Pat13-A	Adjacent normal
Pat13-A-TAGAGCTAGCCTCGTG-1	3	Pat13-A	Adjacent normal
Pat13-A-TAGGCATGTCGGATCC-1	3	Pat13-A	Adjacent normal
Pat13-A-TATTACCAGCGTCTAT-1	3	Pat13-A	Adjacent normal
Pat13-A-TATTACCGTGCGGTAA-1	3	Pat13-A	Adjacent normal
Pat13-A-TCAGATGCATTGTGCA-1	3	Pat13-A	Adjacent normal
Pat13-A-TCAGATGGTCTCAACA-1	3	Pat13-A	Adjacent normal
Pat13-A-TCAGCTCAGTCAAGGC-1	3	Pat13-A	Adjacent normal
Pat13-A-TCATTACAGCTAACAA-1	3	Pat13-A	Adjacent normal
Pat13-A-TCGTAGAAGAGGGATA-1	13	Pat13-A	Adjacent normal
Pat13-A-TCTCATAGTCACAAGG-1	3	Pat13-A	Adjacent normal
Pat13-A-TCTCTAAGTAGCGCTC-1	3	Pat13-A	Adjacent normal
Pat13-A-TCTGGAAGTTCCCGAG-1	3	Pat13-A	Adjacent normal
Pat13-A-TGAGAGGGTTGATTGC-1	3	Pat13-A	Adjacent normal
Pat13-A-TGAGAGGTCTGCTGCT-1	3	Pat13-A	Adjacent normal
Pat13-A-TGCGCAGCAATGGAAT-1	3	Pat13-A	Adjacent normal
Pat13-A-TGGTTAGCAACCGCCA-1	3	Pat13-A	Adjacent normal
Pat13-A-TGTTCCGCAGCTTCGG-1	3	Pat13-A	Adjacent normal
Pat13-A-TTAACTCGTGCATCTA-1	3	Pat13-A	Adjacent normal
Pat13-A-TTATGCTCACGGATAG-1	3	Pat13-A	Adjacent normal
Pat13-A-TTCGAAGGTACCAGTT-1	3	Pat13-A	Adjacent normal
Pat13-A-TTGCGTCTCGGAATCT-1	3	Pat13-A	Adjacent normal
Pat13-A-TTGGCAAGTCGACTGC-1	3	Pat13-A	Adjacent normal
Pat13-A-TTTCCTCGTACAGACG-1	3	Pat13-A	Adjacent normal
Pat13-B-CCTCTGATCTTAGCCC-1	13	Pat13-B	Cancer
Pat13-B-CGTCACTAGTCGTACT-1	13	Pat13-B	Cancer
Pat13-B-GCGCAACTCCTATTCA-1	3	Pat13-B	Cancer
Pat13-B-GTACTTTTCCACTCCA-1	3	Pat13-B	Cancer
Pat13-B-GTGCATAAGTCCGTAT-1	13	Pat13-B	Cancer
Pat13-B-TAAGTGCGTGCATCTA-1	13	Pat13-B	Cancer
Pat14-A-ACCAGTAGTCAACATC-1	3	Pat14-A	Adjacent normal
Pat14-A-AGCCTAATCGACCAGC-1	13	Pat14-A	Adjacent normal
Pat14-B-AACCATGCAGCCTATA-1	3	Pat14-B	Cancer
Pat14-B-ACGCCAGTCGCGCCAA-1	3	Pat14-B	Cancer
Pat14-B-ACGTCAATCGGTTCGG-1	3	Pat14-B	Cancer
Pat14-B-CCATTCGAGAGAGCTC-1	3	Pat14-B	Cancer
Pat14-B-CCCTCCTAGGCCCGTT-1	3	Pat14-B	Cancer
Pat14-B-CCTTCCCAGCTTTGGT-1	3	Pat14-B	Cancer
Pat14-B-CGAACATTCCCTAACC-1	3	Pat14-B	Cancer
Pat14-B-CGGACTGGTCAATGTC-1	3	Pat14-B	Cancer
Pat14-B-GACCTGGTCAGTTAGC-1	3	Pat14-B	Cancer
Pat14-B-GCTGCTTAGTGGAGAA-1	3	Pat14-B	Cancer
Pat14-B-GGACATTGTAAGAGAG-1	3	Pat14-B	Cancer
Pat14-B-GGATTACCACGGTTTA-1	3	Pat14-B	Cancer
Pat14-B-GGCCGATGTGTCTGAT-1	3	Pat14-B	Cancer
Pat14-B-GGGACCTCATAAGACA-1	3	Pat14-B	Cancer
Pat14-B-GGTATTGGTGTGGTTT-1	3	Pat14-B	Cancer
Pat14-B-GGTGAAGTCTCAAGTG-1	3	Pat14-B	Cancer
Pat14-B-GTCAAGTCAAGGGTCA-1	3	Pat14-B	Cancer
Pat14-B-GTCTCGTTCCAGAGGA-1	3	Pat14-B	Cancer
Pat14-B-GTTCATTGTCTGGTCG-1	3	Pat14-B	Cancer
Pat14-B-TCATTACCATTACCTT-1	3	Pat14-B	Cancer
Pat15-B-ACCTTTAAGGTTACCT-1	3	Pat15-B	Cancer
Pat15-B-ACTATCTAGTCTCGGC-1	3	Pat15-B	Cancer
Pat15-B-TACTTACCATAAAGGT-1	3	Pat15-B	Cancer
Pat16-A-AACTGGTAGATCCCAT-1	3	Pat16-A	Adjacent normal
Pat16-A-AACTGGTAGTGCAAGC-1	13	Pat16-A	Adjacent normal
Pat16-A-AAGGCAGAGTCTCCTC-1	13	Pat16-A	Adjacent normal
Pat16-A-ACCGTAACAGCATACT-1	13	Pat16-A	Adjacent normal
Pat16-A-ACCGTAACATGTAGTC-1	3	Pat16-A	Adjacent normal
Pat16-A-ATCATCTTCCACTGGG-1	13	Pat16-A	Adjacent normal
Pat16-A-CGGACACCAGATGGCA-1	3	Pat16-A	Adjacent normal
Pat16-A-CGGACGTTCCGTCAAA-1	3	Pat16-A	Adjacent normal
Pat16-A-CTAACTTCATAAGACA-1	13	Pat16-A	Adjacent normal
Pat16-A-CTCAGAACATGCATGT-1	3	Pat16-A	Adjacent normal
Pat16-A-CTGCGGACAGCCTTTC-1	13	Pat16-A	Adjacent normal
Pat16-A-CTGCTGTTCGTAGATC-1	13	Pat16-A	Adjacent normal
Pat16-A-GCAAACTCAGCTCCGA-1	13	Pat16-A	Adjacent normal
Pat16-A-GCAGTTACAAGCTGAG-1	13	Pat16-A	Adjacent normal
Pat16-A-GCCTCTACAGATTGCT-1	13	Pat16-A	Adjacent normal
Pat16-A-GGACAAGTCAGAGACG-1	13	Pat16-A	Adjacent normal
Pat16-A-GGCCGATTCATGTAGC-1	13	Pat16-A	Adjacent normal
Pat16-A-GGCTCGAGTTAGTGGG-1	13	Pat16-A	Adjacent normal
Pat16-A-GGGAGATGTTCAGTAC-1	3	Pat16-A	Adjacent normal
Pat16-A-GTGCATAAGAACAACT-1	13	Pat16-A	Adjacent normal
Pat16-A-TACCTTACATTAACCG-1	13	Pat16-A	Adjacent normal
Pat16-A-TGACTAGTCTCGATGA-1	13	Pat16-A	Adjacent normal
Pat16-A-TGAGCATTCATTCACT-1	3	Pat16-A	Adjacent normal
Pat16-A-TGGCCAGGTTAGAACA-1	3	Pat16-A	Adjacent normal
Pat16-A-TTTCCTCTCGAGGTAG-1	3	Pat16-A	Adjacent normal
Pat16-B-ACGAGCCCAGACAAGC-1	13	Pat16-B	Cancer
Pat16-B-ACTGATGTCCAATGGT-1	13	Pat16-B	Cancer
Pat16-B-ACTGCTCGTTCACGGC-1	3	Pat16-B	Cancer
Pat16-B-CCGGGATAGGGTCGAT-1	13	Pat16-B	Cancer
Pat16-B-CGCGGTAAGGATGCGT-1	3	Pat16-B	Cancer
Pat16-B-CTCACACAGAGGTTAT-1	13	Pat16-B	Cancer
Pat16-B-TAAGAGACACTGTTAG-1	3	Pat16-B	Cancer
Pat16-B-TGGGCGTGTAAGGGCT-1	3	Pat16-B	Cancer
Pat17-A-AGAGTGGTCCGAATGT-1	13	Pat17-A	Adjacent normal
Pat17-A-CACCTTGTCTTGCAAG-1	3	Pat17-A	Adjacent normal
Pat17-A-CACTCCAGTTGCCTCT-1	3	Pat17-A	Adjacent normal
Pat17-A-CACTCCATCCACTGGG-1	3	Pat17-A	Adjacent normal
Pat17-A-CAGATCACAACGATGG-1	3	Pat17-A	Adjacent normal
Pat17-A-CCTACCACACACTGCG-1	3	Pat17-A	Adjacent normal
Pat17-A-CCTACCATCCATGAGT-1	3	Pat17-A	Adjacent normal
Pat17-A-CCTATTAAGATGTGGC-1	13	Pat17-A	Adjacent normal
Pat17-A-CGATTGATCTAACTTC-1	13	Pat17-A	Adjacent normal
Pat17-A-CGCTTCAGTCCGAGTC-1	3	Pat17-A	Adjacent normal
Pat17-A-CGTCCATAGCACAGGT-1	3	Pat17-A	Adjacent normal
Pat17-A-CTACGTCCAAGGTTCT-1	13	Pat17-A	Adjacent normal
Pat17-A-GATCGATTCCTCAATT-1	13	Pat17-A	Adjacent normal
Pat17-A-GCGAGAATCCATGCTC-1	13	Pat17-A	Adjacent normal
Pat17-A-GGGCATCAGCTACCTA-1	13	Pat17-A	Adjacent normal
Pat17-A-GTAACGTTCGTAGGAG-1	13	Pat17-A	Adjacent normal
Pat17-A-TACCTATCATTAACCG-1	13	Pat17-A	Adjacent normal
Pat17-A-TGTTCCGGTCAAAGAT-1	13	Pat17-A	Adjacent normal
Pat17-B-CGGACACAGAACTCGG-1	13	Pat17-B	Cancer
Pat17-B-GACGGCTAGCGTGTCC-1	13	Pat17-B	Cancer
Pat17-B-GCGCCAAGTTCCGGCA-1	13	Pat17-B	Cancer
Pat17-B-TCTCATACAGTTCATG-1	13	Pat17-B	Cancer
Pat17-B-TGACTTTTCACAAACC-1	13	Pat17-B	Cancer
Pat18-B-ACACTGATCACTATTC-1	13	Pat18-B	Cancer
Pat18-B-CACATTTAGAAGAAGC-1	13	Pat18-B	Cancer
Pat19-B-AACCGCGAGTAGCGGT-1	13	Pat19-B	Cancer
Pat19-B-CACCTTGGTGCACTTA-1	13	Pat19-B	Cancer
Pat19-B-GAACCTACACTATCTT-1	13	Pat19-B	Cancer
Pat19-B-GAACGGAAGATATACG-1	13	Pat19-B	Cancer
Pat19-B-GGCTCGATCTGGGCCA-1	13	Pat19-B	Cancer
Pat20-A-AGAGCTTAGGATGCGT-1	3	Pat20-A	Adjacent normal
Pat20-A-AGATCTGGTCAAGCGA-1	3	Pat20-A	Adjacent normal
Pat20-A-AGCGGTCCACAAGCCC-1	3	Pat20-A	Adjacent normal
Pat20-A-AGGTCATTCAAGCCTA-1	3	Pat20-A	Adjacent normal
Pat20-A-ATCATCTGTGCTCTTC-1	3	Pat20-A	Adjacent normal
Pat20-A-CAAGAAACATTGGCGC-1	3	Pat20-A	Adjacent normal
Pat20-A-CACATTTAGACAGACC-1	3	Pat20-A	Adjacent normal
Pat20-A-CAGTAACGTTAAAGTG-1	3	Pat20-A	Adjacent normal
Pat20-A-CAGTAACTCAACCAAC-1	3	Pat20-A	Adjacent normal
Pat20-A-CATATGGTCTTGGGTA-1	3	Pat20-A	Adjacent normal
Pat20-A-CATCAGAAGACAAGCC-1	3	Pat20-A	Adjacent normal
Pat20-A-CTCATTATCCTGTAGA-1	3	Pat20-A	Adjacent normal
Pat20-A-CTCGAGGTCGAACTGT-1	3	Pat20-A	Adjacent normal
Pat20-A-GCGCAGTTCCATTCTA-1	3	Pat20-A	Adjacent normal
Pat20-A-GCTTCCATCTTGAGAC-1	3	Pat20-A	Adjacent normal
Pat20-A-GGACATTCATCGTCGG-1	3	Pat20-A	Adjacent normal
Pat20-A-GGTGTTATCTAAGCCA-1	3	Pat20-A	Adjacent normal
Pat20-A-GTCTTCGCACATCCGG-1	3	Pat20-A	Adjacent normal
Pat20-A-GTTACAGGTACGACCC-1	3	Pat20-A	Adjacent normal
Pat20-A-GTTCATTAGTGTCCAT-1	3	Pat20-A	Adjacent normal
Pat20-A-TACACGATCCTAAGTG-1	3	Pat20-A	Adjacent normal
Pat20-A-TACGGTAGTTGAGTTC-1	3	Pat20-A	Adjacent normal
Pat20-A-TCAACGATCCAGTATG-1	3	Pat20-A	Adjacent normal
Pat20-A-TTGCCGTGTCCTAGCG-1	3	Pat20-A	Adjacent normal
Pat20-B-GCCTCTACAGATCCAT-1	13	Pat20-B	Cancer
Pat21-A-CCAGCGACAGCTTAAC-1	13	Pat21-A	Adjacent normal
Pat21-A-CCGTACTTCCTGTAGA-1	13	Pat21-A	Adjacent normal
Pat21-A-CCTAGCTTCACAAACC-1	13	Pat21-A	Adjacent normal
Pat21-A-CCTCAGTTCAGCGATT-1	3	Pat21-A	Adjacent normal
Pat21-A-CGGAGCTTCCACGAAT-1	3	Pat21-A	Adjacent normal
Pat21-A-CGTTAGAAGGAGCGTT-1	3	Pat21-A	Adjacent normal
Pat22-A-AAGACCTCATGCTAGT-1	3	Pat22-A	Adjacent normal
Pat22-A-ACACCGGGTCTCTTAT-1	3	Pat22-A	Adjacent normal
Pat22-A-TAGTTGGCAACACGCC-1	3	Pat22-A	Adjacent normal
Pat22-A-TCATTACGTTGTCTTT-1	13	Pat22-A	Adjacent normal
Pat23-A-CAAGAAACAGGCTGAA-1	13	Pat23-A	Adjacent normal
Pat23-A-CCCAATCTCTCCGGTT-1	13	Pat23-A	Adjacent normal
Pat23-A-CCGTTCAAGACGCTTT-1	13	Pat23-A	Adjacent normal
Pat23-A-CGGTTAAGTTCCACTC-1	3	Pat23-A	Adjacent normal
Pat23-A-GACGTTATCGTTTGCC-1	13	Pat23-A	Adjacent normal
Pat23-A-GCAGTTAAGCTGATAA-1	13	Pat23-A	Adjacent normal
Pat23-A-GGCTGGTCACGGCTAC-1	13	Pat23-A	Adjacent normal
Pat23-A-TATGCCCGTATTAGCC-1	13	Pat23-A	Adjacent normal
Pat23-A-TATGCCCTCAAGAAGT-1	13	Pat23-A	Adjacent normal
Pat23-A-TCCCGATAGTGACATA-1	13	Pat23-A	Adjacent normal
Pat23-A-TGAGGGAAGCTAAGAT-1	13	Pat23-A	Adjacent normal
Pat24-A-AAAGTAGAGGCAGTCA-1	3	Pat24-A	Adjacent normal
Pat24-A-ATCCACCTCAGCTCGG-1	3	Pat24-A	Adjacent normal
Pat24-B-GACACGCCATAACCTG-1	3	Pat24-B	Cancer
Pat24-B-GGACGTCTCTCGCTTG-1	3	Pat24-B	Cancer
Pat24-B-GGGCACTTCATCGATG-1	3	Pat24-B	Cancer
Pat24-B-TCATTTGCATTATCTC-1	3	Pat24-B	Cancer
